4096 2048
1f004	2	2	32	32
1f0cf	38	2	32	32
1f170	74	2	32	32
1f171	110	2	32	32
1f17e	146	2	32	32
1f17f	182	2	32	32
1f18e	218	2	32	32
1f191	254	2	32	32
1f192	290	2	32	32
1f193	326	2	32	32
1f194	362	2	32	32
1f195	398	2	32	32
1f196	434	2	32	32
1f197	470	2	32	32
1f198	506	2	32	32
1f199	542	2	32	32
1f19a	578	2	32	32
1f1e6	614	2	32	32
1f1e6-1f1e8	650	2	32	32
1f1e6-1f1e9	686	2	32	32
1f1e6-1f1ea	722	2	32	32
1f1e6-1f1eb	758	2	32	32
1f1e6-1f1ec	794	2	32	32
1f1e6-1f1ee	830	2	32	32
1f1e6-1f1f1	866	2	32	32
1f1e6-1f1f2	902	2	32	32
1f1e6-1f1f4	938	2	32	32
1f1e6-1f1f6	974	2	32	32
1f1e6-1f1f7	1010	2	32	32
1f1e6-1f1f8	1046	2	32	32
1f1e6-1f1f9	1082	2	32	32
1f1e6-1f1fa	1118	2	32	32
1f1e6-1f1fc	1154	2	32	32
1f1e6-1f1fd	1190	2	32	32
1f1e6-1f1ff	1226	2	32	32
1f1e7	1262	2	32	32
1f1e7-1f1e6	1298	2	32	32
1f1e7-1f1e7	1334	2	32	32
1f1e7-1f1e9	1370	2	32	32
1f1e7-1f1ea	1406	2	32	32
1f1e7-1f1eb	1442	2	32	32
1f1e7-1f1ec	1478	2	32	32
1f1e7-1f1ed	1514	2	32	32
1f1e7-1f1ee	1550	2	32	32
1f1e7-1f1ef	1586	2	32	32
1f1e7-1f1f1	1622	2	32	32
1f1e7-1f1f2	1658	2	32	32
1f1e7-1f1f3	1694	2	32	32
1f1e7-1f1f4	1730	2	32	32
1f1e7-1f1f6	1766	2	32	32
1f1e7-1f1f7	1802	2	32	32
1f1e7-1f1f8	1838	2	32	32
1f1e7-1f1f9	1874	2	32	32
1f1e7-1f1fb	1910	2	32	32
1f1e7-1f1fc	1946	2	32	32
1f1e7-1f1fe	1982	2	32	32
1f1e7-1f1ff	2018	2	32	32
1f1e8	2054	2	32	32
1f1e8-1f1e6	2090	2	32	32
1f1e8-1f1e8	2126	2	32	32
1f1e8-1f1e9	2162	2	32	32
1f1e8-1f1eb	2198	2	32	32
1f1e8-1f1ec	2234	2	32	32
1f1e8-1f1ed	2270	2	32	32
1f1e8-1f1ee	2306	2	32	32
1f1e8-1f1f0	2342	2	32	32
1f1e8-1f1f1	2378	2	32	32
1f1e8-1f1f2	2414	2	32	32
1f1e8-1f1f3	2450	2	32	32
1f1e8-1f1f4	2486	2	32	32
1f1e8-1f1f5	2522	2	32	32
1f1e8-1f1f6	2558	2	32	32
1f1e8-1f1f7	2594	2	32	32
1f1e8-1f1fa	2630	2	32	32
1f1e8-1f1fb	2666	2	32	32
1f1e8-1f1fc	2702	2	32	32
1f1e8-1f1fd	2738	2	32	32
1f1e8-1f1fe	2774	2	32	32
1f1e8-1f1ff	2810	2	32	32
1f1e9	2846	2	32	32
1f1e9-1f1ea	2882	2	32	32
1f1e9-1f1ec	2918	2	32	32
1f1e9-1f1ef	2954	2	32	32
1f1e9-1f1f0	2990	2	32	32
1f1e9-1f1f2	3026	2	32	32
1f1e9-1f1f4	3062	2	32	32
1f1e9-1f1ff	3098	2	32	32
1f1ea	3134	2	32	32
1f1ea-1f1e6	3170	2	32	32
1f1ea-1f1e8	3206	2	32	32
1f1ea-1f1ea	3242	2	32	32
1f1ea-1f1ec	3278	2	32	32
1f1ea-1f1ed	3314	2	32	32
1f1ea-1f1f7	3350	2	32	32
1f1ea-1f1f8	3386	2	32	32
1f1ea-1f1f9	3422	2	32	32
1f1ea-1f1fa	3458	2	32	32
1f1eb	3494	2	32	32
1f1eb-1f1ee	3530	2	32	32
1f1eb-1f1ef	3566	2	32	32
1f1eb-1f1f0	3602	2	32	32
1f1eb-1f1f2	3638	2	32	32
1f1eb-1f1f4	3674	2	32	32
1f1eb-1f1f7	3710	2	32	32
1f1ec	3746	2	32	32
1f1ec-1f1e6	3782	2	32	32
1f1ec-1f1e7	3818	2	32	32
1f1ec-1f1e9	3854	2	32	32
1f1ec-1f1ea	3890	2	32	32
1f1ec-1f1eb	3926	2	32	32
1f1ec-1f1ec	3962	2	32	32
1f1ec-1f1ed	3998	2	32	32
1f1ec-1f1ee	4034	2	32	32
1f1ec-1f1f1	2	38	32	32
1f1ec-1f1f2	38	38	32	32
1f1ec-1f1f3	74	38	32	32
1f1ec-1f1f5	110	38	32	32
1f1ec-1f1f6	146	38	32	32
1f1ec-1f1f7	182	38	32	32
1f1ec-1f1f8	218	38	32	32
1f1ec-1f1f9	254	38	32	32
1f1ec-1f1fa	290	38	32	32
1f1ec-1f1fc	326	38	32	32
1f1ec-1f1fe	362	38	32	32
1f1ed	398	38	32	32
1f1ed-1f1f0	434	38	32	32
1f1ed-1f1f2	470	38	32	32
1f1ed-1f1f3	506	38	32	32
1f1ed-1f1f7	542	38	32	32
1f1ed-1f1f9	578	38	32	32
1f1ed-1f1fa	614	38	32	32
1f1ee	650	38	32	32
1f1ee-1f1e8	686	38	32	32
1f1ee-1f1e9	722	38	32	32
1f1ee-1f1ea	758	38	32	32
1f1ee-1f1f1	794	38	32	32
1f1ee-1f1f2	830	38	32	32
1f1ee-1f1f3	866	38	32	32
1f1ee-1f1f4	902	38	32	32
1f1ee-1f1f6	938	38	32	32
1f1ee-1f1f7	974	38	32	32
1f1ee-1f1f8	1010	38	32	32
1f1ee-1f1f9	1046	38	32	32
1f1ef	1082	38	32	32
1f1ef-1f1ea	1118	38	32	32
1f1ef-1f1f2	1154	38	32	32
1f1ef-1f1f4	1190	38	32	32
1f1ef-1f1f5	1226	38	32	32
1f1f0	1262	38	32	32
1f1f0-1f1ea	1298	38	32	32
1f1f0-1f1ec	1334	38	32	32
1f1f0-1f1ed	1370	38	32	32
1f1f0-1f1ee	1406	38	32	32
1f1f0-1f1f2	1442	38	32	32
1f1f0-1f1f3	1478	38	32	32
1f1f0-1f1f5	1514	38	32	32
1f1f0-1f1f7	1550	38	32	32
1f1f0-1f1fc	1586	38	32	32
1f1f0-1f1fe	1622	38	32	32
1f1f0-1f1ff	1658	38	32	32
1f1f1	1694	38	32	32
1f1f1-1f1e6	1730	38	32	32
1f1f1-1f1e7	1766	38	32	32
1f1f1-1f1e8	1802	38	32	32
1f1f1-1f1ee	1838	38	32	32
1f1f1-1f1f0	1874	38	32	32
1f1f1-1f1f7	1910	38	32	32
1f1f1-1f1f8	1946	38	32	32
1f1f1-1f1f9	1982	38	32	32
1f1f1-1f1fa	2018	38	32	32
1f1f1-1f1fb	2054	38	32	32
1f1f1-1f1fe	2090	38	32	32
1f1f2	2126	38	32	32
1f1f2-1f1e6	2162	38	32	32
1f1f2-1f1e8	2198	38	32	32
1f1f2-1f1e9	2234	38	32	32
1f1f2-1f1ea	2270	38	32	32
1f1f2-1f1eb	2306	38	32	32
1f1f2-1f1ec	2342	38	32	32
1f1f2-1f1ed	2378	38	32	32
1f1f2-1f1f0	2414	38	32	32
1f1f2-1f1f1	2450	38	32	32
1f1f2-1f1f2	2486	38	32	32
1f1f2-1f1f3	2522	38	32	32
1f1f2-1f1f4	2558	38	32	32
1f1f2-1f1f5	2594	38	32	32
1f1f2-1f1f6	2630	38	32	32
1f1f2-1f1f7	2666	38	32	32
1f1f2-1f1f8	2702	38	32	32
1f1f2-1f1f9	2738	38	32	32
1f1f2-1f1fa	2774	38	32	32
1f1f2-1f1fb	2810	38	32	32
1f1f2-1f1fc	2846	38	32	32
1f1f2-1f1fd	2882	38	32	32
1f1f2-1f1fe	2918	38	32	32
1f1f2-1f1ff	2954	38	32	32
1f1f3	2990	38	32	32
1f1f3-1f1e6	3026	38	32	32
1f1f3-1f1e8	3062	38	32	32
1f1f3-1f1ea	3098	38	32	32
1f1f3-1f1eb	3134	38	32	32
1f1f3-1f1ec	3170	38	32	32
1f1f3-1f1ee	3206	38	32	32
1f1f3-1f1f1	3242	38	32	32
1f1f3-1f1f4	3278	38	32	32
1f1f3-1f1f5	3314	38	32	32
1f1f3-1f1f7	3350	38	32	32
1f1f3-1f1fa	3386	38	32	32
1f1f3-1f1ff	3422	38	32	32
1f1f4	3458	38	32	32
1f1f4-1f1f2	3494	38	32	32
1f1f5	3530	38	32	32
1f1f5-1f1e6	3566	38	32	32
1f1f5-1f1ea	3602	38	32	32
1f1f5-1f1eb	3638	38	32	32
1f1f5-1f1ec	3674	38	32	32
1f1f5-1f1ed	3710	38	32	32
1f1f5-1f1f0	3746	38	32	32
1f1f5-1f1f1	3782	38	32	32
1f1f5-1f1f2	3818	38	32	32
1f1f5-1f1f3	3854	38	32	32
1f1f5-1f1f7	3890	38	32	32
1f1f5-1f1f8	3926	38	32	32
1f1f5-1f1f9	3962	38	32	32
1f1f5-1f1fc	3998	38	32	32
1f1f5-1f1fe	4034	38	32	32
1f1f6	2	74	32	32
1f1f6-1f1e6	38	74	32	32
1f1f7	74	74	32	32
1f1f7-1f1ea	110	74	32	32
1f1f7-1f1f4	146	74	32	32
1f1f7-1f1f8	182	74	32	32
1f1f7-1f1fa	218	74	32	32
1f1f7-1f1fc	254	74	32	32
1f1f8	290	74	32	32
1f1f8-1f1e6	326	74	32	32
1f1f8-1f1e7	362	74	32	32
1f1f8-1f1e8	398	74	32	32
1f1f8-1f1e9	434	74	32	32
1f1f8-1f1ea	470	74	32	32
1f1f8-1f1ec	506	74	32	32
1f1f8-1f1ed	542	74	32	32
1f1f8-1f1ee	578	74	32	32
1f1f8-1f1ef	614	74	32	32
1f1f8-1f1f0	650	74	32	32
1f1f8-1f1f1	686	74	32	32
1f1f8-1f1f2	722	74	32	32
1f1f8-1f1f3	758	74	32	32
1f1f8-1f1f4	794	74	32	32
1f1f8-1f1f7	830	74	32	32
1f1f8-1f1f8	866	74	32	32
1f1f8-1f1f9	902	74	32	32
1f1f8-1f1fb	938	74	32	32
1f1f8-1f1fd	974	74	32	32
1f1f8-1f1fe	1010	74	32	32
1f1f8-1f1ff	1046	74	32	32
1f1f9	1082	74	32	32
1f1f9-1f1e6	1118	74	32	32
1f1f9-1f1e8	1154	74	32	32
1f1f9-1f1e9	1190	74	32	32
1f1f9-1f1eb	1226	74	32	32
1f1f9-1f1ec	1262	74	32	32
1f1f9-1f1ed	1298	74	32	32
1f1f9-1f1ef	1334	74	32	32
1f1f9-1f1f0	1370	74	32	32
1f1f9-1f1f1	1406	74	32	32
1f1f9-1f1f2	1442	74	32	32
1f1f9-1f1f3	1478	74	32	32
1f1f9-1f1f4	1514	74	32	32
1f1f9-1f1f7	1550	74	32	32
1f1f9-1f1f9	1586	74	32	32
1f1f9-1f1fb	1622	74	32	32
1f1f9-1f1fc	1658	74	32	32
1f1f9-1f1ff	1694	74	32	32
1f1fa	1730	74	32	32
1f1fa-1f1e6	1766	74	32	32
1f1fa-1f1ec	1802	74	32	32
1f1fa-1f1f2	1838	74	32	32
1f1fa-1f1f3	1874	74	32	32
1f1fa-1f1f8	1910	74	32	32
1f1fa-1f1fe	1946	74	32	32
1f1fa-1f1ff	1982	74	32	32
1f1fb	2018	74	32	32
1f1fb-1f1e6	2054	74	32	32
1f1fb-1f1e8	2090	74	32	32
1f1fb-1f1ea	2126	74	32	32
1f1fb-1f1ec	2162	74	32	32
1f1fb-1f1ee	2198	74	32	32
1f1fb-1f1f3	2234	74	32	32
1f1fb-1f1fa	2270	74	32	32
1f1fc	2306	74	32	32
1f1fc-1f1eb	2342	74	32	32
1f1fc-1f1f8	2378	74	32	32
1f1fd	2414	74	32	32
1f1fd-1f1f0	2450	74	32	32
1f1fe	2486	74	32	32
1f1fe-1f1ea	2522	74	32	32
1f1fe-1f1f9	2558	74	32	32
1f1ff	2594	74	32	32
1f1ff-1f1e6	2630	74	32	32
1f1ff-1f1f2	2666	74	32	32
1f1ff-1f1fc	2702	74	32	32
1f201	2738	74	32	32
1f202	2774	74	32	32
1f21a	2810	74	32	32
1f22f	2846	74	32	32
1f232	2882	74	32	32
1f233	2918	74	32	32
1f234	2954	74	32	32
1f235	2990	74	32	32
1f236	3026	74	32	32
1f237	3062	74	32	32
1f238	3098	74	32	32
1f239	3134	74	32	32
1f23a	3170	74	32	32
1f250	3206	74	32	32
1f251	3242	74	32	32
1f300	3278	74	32	32
1f301	3314	74	32	32
1f302	3350	74	32	32
1f303	3386	74	32	32
1f304	3422	74	32	32
1f305	3458	74	32	32
1f306	3494	74	32	32
1f307	3530	74	32	32
1f308	3566	74	32	32
1f309	3602	74	32	32
1f30a	3638	74	32	32
1f30b	3674	74	32	32
1f30c	3710	74	32	32
1f30d	3746	74	32	32
1f30e	3782	74	32	32
1f30f	3818	74	32	32
1f310	3854	74	32	32
1f311	3890	74	32	32
1f312	3926	74	32	32
1f313	3962	74	32	32
1f314	3998	74	32	32
1f315	4034	74	32	32
1f316	2	110	32	32
1f317	38	110	32	32
1f318	74	110	32	32
1f319	110	110	32	32
1f31a	146	110	32	32
1f31b	182	110	32	32
1f31c	218	110	32	32
1f31d	254	110	32	32
1f31e	290	110	32	32
1f31f	326	110	32	32
1f320	362	110	32	32
1f321	398	110	32	32
1f324	434	110	32	32
1f325	470	110	32	32
1f326	506	110	32	32
1f327	542	110	32	32
1f328	578	110	32	32
1f329	614	110	32	32
1f32a	650	110	32	32
1f32b	686	110	32	32
1f32c	722	110	32	32
1f32d	758	110	32	32
1f32e	794	110	32	32
1f32f	830	110	32	32
1f330	866	110	32	32
1f331	902	110	32	32
1f332	938	110	32	32
1f333	974	110	32	32
1f334	1010	110	32	32
1f335	1046	110	32	32
1f336	1082	110	32	32
1f337	1118	110	32	32
1f338	1154	110	32	32
1f339	1190	110	32	32
1f33a	1226	110	32	32
1f33b	1262	110	32	32
1f33c	1298	110	32	32
1f33d	1334	110	32	32
1f33e	1370	110	32	32
1f33f	1406	110	32	32
1f340	1442	110	32	32
1f341	1478	110	32	32
1f342	1514	110	32	32
1f343	1550	110	32	32
1f344	1586	110	32	32
1f344-200d-1f7eb	1622	110	32	32
1f345	1658	110	32	32
1f346	1694	110	32	32
1f347	1730	110	32	32
1f348	1766	110	32	32
1f349	1802	110	32	32
1f34a	1838	110	32	32
1f34b	1874	110	32	32
1f34b-200d-1f7e9	1910	110	32	32
1f34c	1946	110	32	32
1f34d	1982	110	32	32
1f34e	2018	110	32	32
1f34f	2054	110	32	32
1f350	2090	110	32	32
1f351	2126	110	32	32
1f352	2162	110	32	32
1f353	2198	110	32	32
1f354	2234	110	32	32
1f355	2270	110	32	32
1f356	2306	110	32	32
1f357	2342	110	32	32
1f358	2378	110	32	32
1f359	2414	110	32	32
1f35a	2450	110	32	32
1f35b	2486	110	32	32
1f35c	2522	110	32	32
1f35d	2558	110	32	32
1f35e	2594	110	32	32
1f35f	2630	110	32	32
1f360	2666	110	32	32
1f361	2702	110	32	32
1f362	2738	110	32	32
1f363	2774	110	32	32
1f364	2810	110	32	32
1f365	2846	110	32	32
1f366	2882	110	32	32
1f367	2918	110	32	32
1f368	2954	110	32	32
1f369	2990	110	32	32
1f36a	3026	110	32	32
1f36b	3062	110	32	32
1f36c	3098	110	32	32
1f36d	3134	110	32	32
1f36e	3170	110	32	32
1f36f	3206	110	32	32
1f370	3242	110	32	32
1f371	3278	110	32	32
1f372	3314	110	32	32
1f373	3350	110	32	32
1f374	3386	110	32	32
1f375	3422	110	32	32
1f376	3458	110	32	32
1f377	3494	110	32	32
1f378	3530	110	32	32
1f379	3566	110	32	32
1f37a	3602	110	32	32
1f37b	3638	110	32	32
1f37c	3674	110	32	32
1f37d	3710	110	32	32
1f37e	3746	110	32	32
1f37f	3782	110	32	32
1f380	3818	110	32	32
1f381	3854	110	32	32
1f382	3890	110	32	32
1f383	3926	110	32	32
1f384	3962	110	32	32
1f385	3998	110	32	32
1f385-1f3fb	4034	110	32	32
1f385-1f3fc	2	146	32	32
1f385-1f3fd	38	146	32	32
1f385-1f3fe	74	146	32	32
1f385-1f3ff	110	146	32	32
1f386	146	146	32	32
1f387	182	146	32	32
1f388	218	146	32	32
1f389	254	146	32	32
1f38a	290	146	32	32
1f38b	326	146	32	32
1f38c	362	146	32	32
1f38d	398	146	32	32
1f38e	434	146	32	32
1f38f	470	146	32	32
1f390	506	146	32	32
1f391	542	146	32	32
1f392	578	146	32	32
1f393	614	146	32	32
1f396	650	146	32	32
1f397	686	146	32	32
1f399	722	146	32	32
1f39a	758	146	32	32
1f39b	794	146	32	32
1f39e	830	146	32	32
1f39f	866	146	32	32
1f3a0	902	146	32	32
1f3a1	938	146	32	32
1f3a2	974	146	32	32
1f3a3	1010	146	32	32
1f3a4	1046	146	32	32
1f3a5	1082	146	32	32
1f3a6	1118	146	32	32
1f3a7	1154	146	32	32
1f3a8	1190	146	32	32
1f3a9	1226	146	32	32
1f3aa	1262	146	32	32
1f3ab	1298	146	32	32
1f3ac	1334	146	32	32
1f3ad	1370	146	32	32
1f3ae	1406	146	32	32
1f3af	1442	146	32	32
1f3b0	1478	146	32	32
1f3b1	1514	146	32	32
1f3b2	1550	146	32	32
1f3b3	1586	146	32	32
1f3b4	1622	146	32	32
1f3b5	1658	146	32	32
1f3b6	1694	146	32	32
1f3b7	1730	146	32	32
1f3b8	1766	146	32	32
1f3b9	1802	146	32	32
1f3ba	1838	146	32	32
1f3bb	1874	146	32	32
1f3bc	1910	146	32	32
1f3bd	1946	146	32	32
1f3be	1982	146	32	32
1f3bf	2018	146	32	32
1f3c0	2054	146	32	32
1f3c1	2090	146	32	32
1f3c2	2126	146	32	32
1f3c2-1f3fb	2162	146	32	32
1f3c2-1f3fc	2198	146	32	32
1f3c2-1f3fd	2234	146	32	32
1f3c2-1f3fe	2270	146	32	32
1f3c2-1f3ff	2306	146	32	32
1f3c3	2342	146	32	32
1f3c3-1f3fb	2378	146	32	32
1f3c3-1f3fb-200d-2640-fe0f	2414	146	32	32
1f3c3-1f3fb-200d-2640-fe0f-200d-27a1-fe0f	2450	146	32	32
1f3c3-1f3fb-200d-2642-fe0f	2486	146	32	32
1f3c3-1f3fb-200d-2642-fe0f-200d-27a1-fe0f	2522	146	32	32
1f3c3-1f3fb-200d-27a1-fe0f	2558	146	32	32
1f3c3-1f3fc	2594	146	32	32
1f3c3-1f3fc-200d-2640-fe0f	2630	146	32	32
1f3c3-1f3fc-200d-2640-fe0f-200d-27a1-fe0f	2666	146	32	32
1f3c3-1f3fc-200d-2642-fe0f	2702	146	32	32
1f3c3-1f3fc-200d-2642-fe0f-200d-27a1-fe0f	2738	146	32	32
1f3c3-1f3fc-200d-27a1-fe0f	2774	146	32	32
1f3c3-1f3fd	2810	146	32	32
1f3c3-1f3fd-200d-2640-fe0f	2846	146	32	32
1f3c3-1f3fd-200d-2640-fe0f-200d-27a1-fe0f	2882	146	32	32
1f3c3-1f3fd-200d-2642-fe0f	2918	146	32	32
1f3c3-1f3fd-200d-2642-fe0f-200d-27a1-fe0f	2954	146	32	32
1f3c3-1f3fd-200d-27a1-fe0f	2990	146	32	32
1f3c3-1f3fe	3026	146	32	32
1f3c3-1f3fe-200d-2640-fe0f	3062	146	32	32
1f3c3-1f3fe-200d-2640-fe0f-200d-27a1-fe0f	3098	146	32	32
1f3c3-1f3fe-200d-2642-fe0f	3134	146	32	32
1f3c3-1f3fe-200d-2642-fe0f-200d-27a1-fe0f	3170	146	32	32
1f3c3-1f3fe-200d-27a1-fe0f	3206	146	32	32
1f3c3-1f3ff	3242	146	32	32
1f3c3-1f3ff-200d-2640-fe0f	3278	146	32	32
1f3c3-1f3ff-200d-2640-fe0f-200d-27a1-fe0f	3314	146	32	32
1f3c3-1f3ff-200d-2642-fe0f	3350	146	32	32
1f3c3-1f3ff-200d-2642-fe0f-200d-27a1-fe0f	3386	146	32	32
1f3c3-1f3ff-200d-27a1-fe0f	3422	146	32	32
1f3c3-200d-2640-fe0f	3458	146	32	32
1f3c3-200d-2640-fe0f-200d-27a1-fe0f	3494	146	32	32
1f3c3-200d-2642-fe0f	3530	146	32	32
1f3c3-200d-2642-fe0f-200d-27a1-fe0f	3566	146	32	32
1f3c3-200d-27a1-fe0f	3602	146	32	32
1f3c4	3638	146	32	32
1f3c4-1f3fb	3674	146	32	32
1f3c4-1f3fb-200d-2640-fe0f	3710	146	32	32
1f3c4-1f3fb-200d-2642-fe0f	3746	146	32	32
1f3c4-1f3fc	3782	146	32	32
1f3c4-1f3fc-200d-2640-fe0f	3818	146	32	32
1f3c4-1f3fc-200d-2642-fe0f	3854	146	32	32
1f3c4-1f3fd	3890	146	32	32
1f3c4-1f3fd-200d-2640-fe0f	3926	146	32	32
1f3c4-1f3fd-200d-2642-fe0f	3962	146	32	32
1f3c4-1f3fe	3998	146	32	32
1f3c4-1f3fe-200d-2640-fe0f	4034	146	32	32
1f3c4-1f3fe-200d-2642-fe0f	2	182	32	32
1f3c4-1f3ff	38	182	32	32
1f3c4-1f3ff-200d-2640-fe0f	74	182	32	32
1f3c4-1f3ff-200d-2642-fe0f	110	182	32	32
1f3c4-200d-2640-fe0f	146	182	32	32
1f3c4-200d-2642-fe0f	182	182	32	32
1f3c5	218	182	32	32
1f3c6	254	182	32	32
1f3c7	290	182	32	32
1f3c7-1f3fb	326	182	32	32
1f3c7-1f3fc	362	182	32	32
1f3c7-1f3fd	398	182	32	32
1f3c7-1f3fe	434	182	32	32
1f3c7-1f3ff	470	182	32	32
1f3c8	506	182	32	32
1f3c9	542	182	32	32
1f3ca	578	182	32	32
1f3ca-1f3fb	614	182	32	32
1f3ca-1f3fb-200d-2640-fe0f	650	182	32	32
1f3ca-1f3fb-200d-2642-fe0f	686	182	32	32
1f3ca-1f3fc	722	182	32	32
1f3ca-1f3fc-200d-2640-fe0f	758	182	32	32
1f3ca-1f3fc-200d-2642-fe0f	794	182	32	32
1f3ca-1f3fd	830	182	32	32
1f3ca-1f3fd-200d-2640-fe0f	866	182	32	32
1f3ca-1f3fd-200d-2642-fe0f	902	182	32	32
1f3ca-1f3fe	938	182	32	32
1f3ca-1f3fe-200d-2640-fe0f	974	182	32	32
1f3ca-1f3fe-200d-2642-fe0f	1010	182	32	32
1f3ca-1f3ff	1046	182	32	32
1f3ca-1f3ff-200d-2640-fe0f	1082	182	32	32
1f3ca-1f3ff-200d-2642-fe0f	1118	182	32	32
1f3ca-200d-2640-fe0f	1154	182	32	32
1f3ca-200d-2642-fe0f	1190	182	32	32
1f3cb	1226	182	32	32
1f3cb-1f3fb	1262	182	32	32
1f3cb-1f3fb-200d-2640-fe0f	1298	182	32	32
1f3cb-1f3fb-200d-2642-fe0f	1334	182	32	32
1f3cb-1f3fc	1370	182	32	32
1f3cb-1f3fc-200d-2640-fe0f	1406	182	32	32
1f3cb-1f3fc-200d-2642-fe0f	1442	182	32	32
1f3cb-1f3fd	1478	182	32	32
1f3cb-1f3fd-200d-2640-fe0f	1514	182	32	32
1f3cb-1f3fd-200d-2642-fe0f	1550	182	32	32
1f3cb-1f3fe	1586	182	32	32
1f3cb-1f3fe-200d-2640-fe0f	1622	182	32	32
1f3cb-1f3fe-200d-2642-fe0f	1658	182	32	32
1f3cb-1f3ff	1694	182	32	32
1f3cb-1f3ff-200d-2640-fe0f	1730	182	32	32
1f3cb-1f3ff-200d-2642-fe0f	1766	182	32	32
1f3cb-fe0f-200d-2640-fe0f	1802	182	32	32
1f3cb-fe0f-200d-2642-fe0f	1838	182	32	32
1f3cc	1874	182	32	32
1f3cc-1f3fb	1910	182	32	32
1f3cc-1f3fb-200d-2640-fe0f	1946	182	32	32
1f3cc-1f3fb-200d-2642-fe0f	1982	182	32	32
1f3cc-1f3fc	2018	182	32	32
1f3cc-1f3fc-200d-2640-fe0f	2054	182	32	32
1f3cc-1f3fc-200d-2642-fe0f	2090	182	32	32
1f3cc-1f3fd	2126	182	32	32
1f3cc-1f3fd-200d-2640-fe0f	2162	182	32	32
1f3cc-1f3fd-200d-2642-fe0f	2198	182	32	32
1f3cc-1f3fe	2234	182	32	32
1f3cc-1f3fe-200d-2640-fe0f	2270	182	32	32
1f3cc-1f3fe-200d-2642-fe0f	2306	182	32	32
1f3cc-1f3ff	2342	182	32	32
1f3cc-1f3ff-200d-2640-fe0f	2378	182	32	32
1f3cc-1f3ff-200d-2642-fe0f	2414	182	32	32
1f3cc-fe0f-200d-2640-fe0f	2450	182	32	32
1f3cc-fe0f-200d-2642-fe0f	2486	182	32	32
1f3cd	2522	182	32	32
1f3ce	2558	182	32	32
1f3cf	2594	182	32	32
1f3d0	2630	182	32	32
1f3d1	2666	182	32	32
1f3d2	2702	182	32	32
1f3d3	2738	182	32	32
1f3d4	2774	182	32	32
1f3d5	2810	182	32	32
1f3d6	2846	182	32	32
1f3d7	2882	182	32	32
1f3d8	2918	182	32	32
1f3d9	2954	182	32	32
1f3da	2990	182	32	32
1f3db	3026	182	32	32
1f3dc	3062	182	32	32
1f3dd	3098	182	32	32
1f3de	3134	182	32	32
1f3df	3170	182	32	32
1f3e0	3206	182	32	32
1f3e1	3242	182	32	32
1f3e2	3278	182	32	32
1f3e3	3314	182	32	32
1f3e4	3350	182	32	32
1f3e5	3386	182	32	32
1f3e6	3422	182	32	32
1f3e7	3458	182	32	32
1f3e8	3494	182	32	32
1f3e9	3530	182	32	32
1f3ea	3566	182	32	32
1f3eb	3602	182	32	32
1f3ec	3638	182	32	32
1f3ed	3674	182	32	32
1f3ee	3710	182	32	32
1f3ef	3746	182	32	32
1f3f0	3782	182	32	32
1f3f3	3818	182	32	32
1f3f3-fe0f-200d-1f308	3854	182	32	32
1f3f3-fe0f-200d-26a7-fe0f	3890	182	32	32
1f3f4	3926	182	32	32
1f3f4-200d-2620-fe0f	3962	182	32	32
1f3f4-e0067-e0062-e0065-e006e-e0067-e007f	3998	182	32	32
1f3f4-e0067-e0062-e0073-e0063-e0074-e007f	4034	182	32	32
1f3f4-e0067-e0062-e0077-e006c-e0073-e007f	2	218	32	32
1f3f5	38	218	32	32
1f3f7	74	218	32	32
1f3f8	110	218	32	32
1f3f9	146	218	32	32
1f3fa	182	218	32	32
1f3fb	218	218	32	32
1f3fc	254	218	32	32
1f3fd	290	218	32	32
1f3fe	326	218	32	32
1f3ff	362	218	32	32
1f400	398	218	32	32
1f401	434	218	32	32
1f402	470	218	32	32
1f403	506	218	32	32
1f404	542	218	32	32
1f405	578	218	32	32
1f406	614	218	32	32
1f407	650	218	32	32
1f408	686	218	32	32
1f408-200d-2b1b	722	218	32	32
1f409	758	218	32	32
1f40a	794	218	32	32
1f40b	830	218	32	32
1f40c	866	218	32	32
1f40d	902	218	32	32
1f40e	938	218	32	32
1f40f	974	218	32	32
1f410	1010	218	32	32
1f411	1046	218	32	32
1f412	1082	218	32	32
1f413	1118	218	32	32
1f414	1154	218	32	32
1f415	1190	218	32	32
1f415-200d-1f9ba	1226	218	32	32
1f416	1262	218	32	32
1f417	1298	218	32	32
1f418	1334	218	32	32
1f419	1370	218	32	32
1f41a	1406	218	32	32
1f41b	1442	218	32	32
1f41c	1478	218	32	32
1f41d	1514	218	32	32
1f41e	1550	218	32	32
1f41f	1586	218	32	32
1f420	1622	218	32	32
1f421	1658	218	32	32
1f422	1694	218	32	32
1f423	1730	218	32	32
1f424	1766	218	32	32
1f425	1802	218	32	32
1f426	1838	218	32	32
1f426-200d-1f525	1874	218	32	32
1f426-200d-2b1b	1910	218	32	32
1f427	1946	218	32	32
1f428	1982	218	32	32
1f429	2018	218	32	32
1f42a	2054	218	32	32
1f42b	2090	218	32	32
1f42c	2126	218	32	32
1f42d	2162	218	32	32
1f42e	2198	218	32	32
1f42f	2234	218	32	32
1f430	2270	218	32	32
1f431	2306	218	32	32
1f432	2342	218	32	32
1f433	2378	218	32	32
1f434	2414	218	32	32
1f435	2450	218	32	32
1f436	2486	218	32	32
1f437	2522	218	32	32
1f438	2558	218	32	32
1f439	2594	218	32	32
1f43a	2630	218	32	32
1f43b	2666	218	32	32
1f43b-200d-2744-fe0f	2702	218	32	32
1f43c	2738	218	32	32
1f43d	2774	218	32	32
1f43e	2810	218	32	32
1f43f	2846	218	32	32
1f440	2882	218	32	32
1f441	2918	218	32	32
1f441-200d-1f5e8	2954	218	32	32
1f442	2990	218	32	32
1f442-1f3fb	3026	218	32	32
1f442-1f3fc	3062	218	32	32
1f442-1f3fd	3098	218	32	32
1f442-1f3fe	3134	218	32	32
1f442-1f3ff	3170	218	32	32
1f443	3206	218	32	32
1f443-1f3fb	3242	218	32	32
1f443-1f3fc	3278	218	32	32
1f443-1f3fd	3314	218	32	32
1f443-1f3fe	3350	218	32	32
1f443-1f3ff	3386	218	32	32
1f444	3422	218	32	32
1f445	3458	218	32	32
1f446	3494	218	32	32
1f446-1f3fb	3530	218	32	32
1f446-1f3fc	3566	218	32	32
1f446-1f3fd	3602	218	32	32
1f446-1f3fe	3638	218	32	32
1f446-1f3ff	3674	218	32	32
1f447	3710	218	32	32
1f447-1f3fb	3746	218	32	32
1f447-1f3fc	3782	218	32	32
1f447-1f3fd	3818	218	32	32
1f447-1f3fe	3854	218	32	32
1f447-1f3ff	3890	218	32	32
1f448	3926	218	32	32
1f448-1f3fb	3962	218	32	32
1f448-1f3fc	3998	218	32	32
1f448-1f3fd	4034	218	32	32
1f448-1f3fe	2	254	32	32
1f448-1f3ff	38	254	32	32
1f449	74	254	32	32
1f449-1f3fb	110	254	32	32
1f449-1f3fc	146	254	32	32
1f449-1f3fd	182	254	32	32
1f449-1f3fe	218	254	32	32
1f449-1f3ff	254	254	32	32
1f44a	290	254	32	32
1f44a-1f3fb	326	254	32	32
1f44a-1f3fc	362	254	32	32
1f44a-1f3fd	398	254	32	32
1f44a-1f3fe	434	254	32	32
1f44a-1f3ff	470	254	32	32
1f44b	506	254	32	32
1f44b-1f3fb	542	254	32	32
1f44b-1f3fc	578	254	32	32
1f44b-1f3fd	614	254	32	32
1f44b-1f3fe	650	254	32	32
1f44b-1f3ff	686	254	32	32
1f44c	722	254	32	32
1f44c-1f3fb	758	254	32	32
1f44c-1f3fc	794	254	32	32
1f44c-1f3fd	830	254	32	32
1f44c-1f3fe	866	254	32	32
1f44c-1f3ff	902	254	32	32
1f44d	938	254	32	32
1f44d-1f3fb	974	254	32	32
1f44d-1f3fc	1010	254	32	32
1f44d-1f3fd	1046	254	32	32
1f44d-1f3fe	1082	254	32	32
1f44d-1f3ff	1118	254	32	32
1f44e	1154	254	32	32
1f44e-1f3fb	1190	254	32	32
1f44e-1f3fc	1226	254	32	32
1f44e-1f3fd	1262	254	32	32
1f44e-1f3fe	1298	254	32	32
1f44e-1f3ff	1334	254	32	32
1f44f	1370	254	32	32
1f44f-1f3fb	1406	254	32	32
1f44f-1f3fc	1442	254	32	32
1f44f-1f3fd	1478	254	32	32
1f44f-1f3fe	1514	254	32	32
1f44f-1f3ff	1550	254	32	32
1f450	1586	254	32	32
1f450-1f3fb	1622	254	32	32
1f450-1f3fc	1658	254	32	32
1f450-1f3fd	1694	254	32	32
1f450-1f3fe	1730	254	32	32
1f450-1f3ff	1766	254	32	32
1f451	1802	254	32	32
1f452	1838	254	32	32
1f453	1874	254	32	32
1f454	1910	254	32	32
1f455	1946	254	32	32
1f456	1982	254	32	32
1f457	2018	254	32	32
1f458	2054	254	32	32
1f459	2090	254	32	32
1f45a	2126	254	32	32
1f45b	2162	254	32	32
1f45c	2198	254	32	32
1f45d	2234	254	32	32
1f45e	2270	254	32	32
1f45f	2306	254	32	32
1f460	2342	254	32	32
1f461	2378	254	32	32
1f462	2414	254	32	32
1f463	2450	254	32	32
1f464	2486	254	32	32
1f465	2522	254	32	32
1f466	2558	254	32	32
1f466-1f3fb	2594	254	32	32
1f466-1f3fc	2630	254	32	32
1f466-1f3fd	2666	254	32	32
1f466-1f3fe	2702	254	32	32
1f466-1f3ff	2738	254	32	32
1f467	2774	254	32	32
1f467-1f3fb	2810	254	32	32
1f467-1f3fc	2846	254	32	32
1f467-1f3fd	2882	254	32	32
1f467-1f3fe	2918	254	32	32
1f467-1f3ff	2954	254	32	32
1f468	2990	254	32	32
1f468-1f3fb	3026	254	32	32
1f468-1f3fb-200d-1f33e	3062	254	32	32
1f468-1f3fb-200d-1f373	3098	254	32	32
1f468-1f3fb-200d-1f37c	3134	254	32	32
1f468-1f3fb-200d-1f384	3170	254	32	32
1f468-1f3fb-200d-1f393	3206	254	32	32
1f468-1f3fb-200d-1f3a4	3242	254	32	32
1f468-1f3fb-200d-1f3a8	3278	254	32	32
1f468-1f3fb-200d-1f3eb	3314	254	32	32
1f468-1f3fb-200d-1f3ed	3350	254	32	32
1f468-1f3fb-200d-1f430-200d-1f468-1f3fc	3386	254	32	32
1f468-1f3fb-200d-1f430-200d-1f468-1f3fd	3422	254	32	32
1f468-1f3fb-200d-1f430-200d-1f468-1f3fe	3458	254	32	32
1f468-1f3fb-200d-1f430-200d-1f468-1f3ff	3494	254	32	32
1f468-1f3fb-200d-1f4bb	3530	254	32	32
1f468-1f3fb-200d-1f4bc	3566	254	32	32
1f468-1f3fb-200d-1f527	3602	254	32	32
1f468-1f3fb-200d-1f52c	3638	254	32	32
1f468-1f3fb-200d-1f680	3674	254	32	32
1f468-1f3fb-200d-1f692	3710	254	32	32
1f468-1f3fb-200d-1f91d-200d-1f468-1f3fc	3746	254	32	32
1f468-1f3fb-200d-1f91d-200d-1f468-1f3fd	3782	254	32	32
1f468-1f3fb-200d-1f91d-200d-1f468-1f3fe	3818	254	32	32
1f468-1f3fb-200d-1f91d-200d-1f468-1f3ff	3854	254	32	32
1f468-1f3fb-200d-1f9af	3890	254	32	32
1f468-1f3fb-200d-1f9af-200d-27a1-fe0f	3926	254	32	32
1f468-1f3fb-200d-1f9b0	3962	254	32	32
1f468-1f3fb-200d-1f9b1	3998	254	32	32
1f468-1f3fb-200d-1f9b2	4034	254	32	32
1f468-1f3fb-200d-1f9b3	2	290	32	32
1f468-1f3fb-200d-1f9bc	38	290	32	32
1f468-1f3fb-200d-1f9bc-200d-27a1-fe0f	74	290	32	32
1f468-1f3fb-200d-1f9bd	110	290	32	32
1f468-1f3fb-200d-1f9bd-200d-27a1-fe0f	146	290	32	32
1f468-1f3fb-200d-1faef-200d-1f468-1f3fc	182	290	32	32
1f468-1f3fb-200d-1faef-200d-1f468-1f3fd	218	290	32	32
1f468-1f3fb-200d-1faef-200d-1f468-1f3fe	254	290	32	32
1f468-1f3fb-200d-1faef-200d-1f468-1f3ff	290	290	32	32
1f468-1f3fb-200d-2695-fe0f	326	290	32	32
1f468-1f3fb-200d-2696-fe0f	362	290	32	32
1f468-1f3fb-200d-2708-fe0f	398	290	32	32
1f468-1f3fb-200d-2764-fe0f-200d-1f468-1f3fb	434	290	32	32
1f468-1f3fb-200d-2764-fe0f-200d-1f468-1f3fc	470	290	32	32
1f468-1f3fb-200d-2764-fe0f-200d-1f468-1f3fd	506	290	32	32
1f468-1f3fb-200d-2764-fe0f-200d-1f468-1f3fe	542	290	32	32
1f468-1f3fb-200d-2764-fe0f-200d-1f468-1f3ff	578	290	32	32
1f468-1f3fb-200d-2764-fe0f-200d-1f48b-200d-1f468-1f3fb	614	290	32	32
1f468-1f3fb-200d-2764-fe0f-200d-1f48b-200d-1f468-1f3fc	650	290	32	32
1f468-1f3fb-200d-2764-fe0f-200d-1f48b-200d-1f468-1f3fd	686	290	32	32
1f468-1f3fb-200d-2764-fe0f-200d-1f48b-200d-1f468-1f3fe	722	290	32	32
1f468-1f3fb-200d-2764-fe0f-200d-1f48b-200d-1f468-1f3ff	758	290	32	32
1f468-1f3fc	794	290	32	32
1f468-1f3fc-200d-1f33e	830	290	32	32
1f468-1f3fc-200d-1f373	866	290	32	32
1f468-1f3fc-200d-1f37c	902	290	32	32
1f468-1f3fc-200d-1f384	938	290	32	32
1f468-1f3fc-200d-1f393	974	290	32	32
1f468-1f3fc-200d-1f3a4	1010	290	32	32
1f468-1f3fc-200d-1f3a8	1046	290	32	32
1f468-1f3fc-200d-1f3eb	1082	290	32	32
1f468-1f3fc-200d-1f3ed	1118	290	32	32
1f468-1f3fc-200d-1f430-200d-1f468-1f3fb	1154	290	32	32
1f468-1f3fc-200d-1f430-200d-1f468-1f3fd	1190	290	32	32
1f468-1f3fc-200d-1f430-200d-1f468-1f3fe	1226	290	32	32
1f468-1f3fc-200d-1f430-200d-1f468-1f3ff	1262	290	32	32
1f468-1f3fc-200d-1f4bb	1298	290	32	32
1f468-1f3fc-200d-1f4bc	1334	290	32	32
1f468-1f3fc-200d-1f527	1370	290	32	32
1f468-1f3fc-200d-1f52c	1406	290	32	32
1f468-1f3fc-200d-1f680	1442	290	32	32
1f468-1f3fc-200d-1f692	1478	290	32	32
1f468-1f3fc-200d-1f91d-200d-1f468-1f3fb	1514	290	32	32
1f468-1f3fc-200d-1f91d-200d-1f468-1f3fd	1550	290	32	32
1f468-1f3fc-200d-1f91d-200d-1f468-1f3fe	1586	290	32	32
1f468-1f3fc-200d-1f91d-200d-1f468-1f3ff	1622	290	32	32
1f468-1f3fc-200d-1f9af	1658	290	32	32
1f468-1f3fc-200d-1f9af-200d-27a1-fe0f	1694	290	32	32
1f468-1f3fc-200d-1f9b0	1730	290	32	32
1f468-1f3fc-200d-1f9b1	1766	290	32	32
1f468-1f3fc-200d-1f9b2	1802	290	32	32
1f468-1f3fc-200d-1f9b3	1838	290	32	32
1f468-1f3fc-200d-1f9bc	1874	290	32	32
1f468-1f3fc-200d-1f9bc-200d-27a1-fe0f	1910	290	32	32
1f468-1f3fc-200d-1f9bd	1946	290	32	32
1f468-1f3fc-200d-1f9bd-200d-27a1-fe0f	1982	290	32	32
1f468-1f3fc-200d-1faef-200d-1f468-1f3fb	2018	290	32	32
1f468-1f3fc-200d-1faef-200d-1f468-1f3fd	2054	290	32	32
1f468-1f3fc-200d-1faef-200d-1f468-1f3fe	2090	290	32	32
1f468-1f3fc-200d-1faef-200d-1f468-1f3ff	2126	290	32	32
1f468-1f3fc-200d-2695-fe0f	2162	290	32	32
1f468-1f3fc-200d-2696-fe0f	2198	290	32	32
1f468-1f3fc-200d-2708-fe0f	2234	290	32	32
1f468-1f3fc-200d-2764-fe0f-200d-1f468-1f3fb	2270	290	32	32
1f468-1f3fc-200d-2764-fe0f-200d-1f468-1f3fc	2306	290	32	32
1f468-1f3fc-200d-2764-fe0f-200d-1f468-1f3fd	2342	290	32	32
1f468-1f3fc-200d-2764-fe0f-200d-1f468-1f3fe	2378	290	32	32
1f468-1f3fc-200d-2764-fe0f-200d-1f468-1f3ff	2414	290	32	32
1f468-1f3fc-200d-2764-fe0f-200d-1f48b-200d-1f468-1f3fb	2450	290	32	32
1f468-1f3fc-200d-2764-fe0f-200d-1f48b-200d-1f468-1f3fc	2486	290	32	32
1f468-1f3fc-200d-2764-fe0f-200d-1f48b-200d-1f468-1f3fd	2522	290	32	32
1f468-1f3fc-200d-2764-fe0f-200d-1f48b-200d-1f468-1f3fe	2558	290	32	32
1f468-1f3fc-200d-2764-fe0f-200d-1f48b-200d-1f468-1f3ff	2594	290	32	32
1f468-1f3fd	2630	290	32	32
1f468-1f3fd-200d-1f33e	2666	290	32	32
1f468-1f3fd-200d-1f373	2702	290	32	32
1f468-1f3fd-200d-1f37c	2738	290	32	32
1f468-1f3fd-200d-1f384	2774	290	32	32
1f468-1f3fd-200d-1f393	2810	290	32	32
1f468-1f3fd-200d-1f3a4	2846	290	32	32
1f468-1f3fd-200d-1f3a8	2882	290	32	32
1f468-1f3fd-200d-1f3eb	2918	290	32	32
1f468-1f3fd-200d-1f3ed	2954	290	32	32
1f468-1f3fd-200d-1f430-200d-1f468-1f3fb	2990	290	32	32
1f468-1f3fd-200d-1f430-200d-1f468-1f3fc	3026	290	32	32
1f468-1f3fd-200d-1f430-200d-1f468-1f3fe	3062	290	32	32
1f468-1f3fd-200d-1f430-200d-1f468-1f3ff	3098	290	32	32
1f468-1f3fd-200d-1f4bb	3134	290	32	32
1f468-1f3fd-200d-1f4bc	3170	290	32	32
1f468-1f3fd-200d-1f527	3206	290	32	32
1f468-1f3fd-200d-1f52c	3242	290	32	32
1f468-1f3fd-200d-1f680	3278	290	32	32
1f468-1f3fd-200d-1f692	3314	290	32	32
1f468-1f3fd-200d-1f91d-200d-1f468-1f3fb	3350	290	32	32
1f468-1f3fd-200d-1f91d-200d-1f468-1f3fc	3386	290	32	32
1f468-1f3fd-200d-1f91d-200d-1f468-1f3fe	3422	290	32	32
1f468-1f3fd-200d-1f91d-200d-1f468-1f3ff	3458	290	32	32
1f468-1f3fd-200d-1f9af	3494	290	32	32
1f468-1f3fd-200d-1f9af-200d-27a1-fe0f	3530	290	32	32
1f468-1f3fd-200d-1f9b0	3566	290	32	32
1f468-1f3fd-200d-1f9b1	3602	290	32	32
1f468-1f3fd-200d-1f9b2	3638	290	32	32
1f468-1f3fd-200d-1f9b3	3674	290	32	32
1f468-1f3fd-200d-1f9bc	3710	290	32	32
1f468-1f3fd-200d-1f9bc-200d-27a1-fe0f	3746	290	32	32
1f468-1f3fd-200d-1f9bd	3782	290	32	32
1f468-1f3fd-200d-1f9bd-200d-27a1-fe0f	3818	290	32	32
1f468-1f3fd-200d-1faef-200d-1f468-1f3fb	3854	290	32	32
1f468-1f3fd-200d-1faef-200d-1f468-1f3fc	3890	290	32	32
1f468-1f3fd-200d-1faef-200d-1f468-1f3fe	3926	290	32	32
1f468-1f3fd-200d-1faef-200d-1f468-1f3ff	3962	290	32	32
1f468-1f3fd-200d-2695-fe0f	3998	290	32	32
1f468-1f3fd-200d-2696-fe0f	4034	290	32	32
1f468-1f3fd-200d-2708-fe0f	2	326	32	32
1f468-1f3fd-200d-2764-fe0f-200d-1f468-1f3fb	38	326	32	32
1f468-1f3fd-200d-2764-fe0f-200d-1f468-1f3fc	74	326	32	32
1f468-1f3fd-200d-2764-fe0f-200d-1f468-1f3fd	110	326	32	32
1f468-1f3fd-200d-2764-fe0f-200d-1f468-1f3fe	146	326	32	32
1f468-1f3fd-200d-2764-fe0f-200d-1f468-1f3ff	182	326	32	32
1f468-1f3fd-200d-2764-fe0f-200d-1f48b-200d-1f468-1f3fb	218	326	32	32
1f468-1f3fd-200d-2764-fe0f-200d-1f48b-200d-1f468-1f3fc	254	326	32	32
1f468-1f3fd-200d-2764-fe0f-200d-1f48b-200d-1f468-1f3fd	290	326	32	32
1f468-1f3fd-200d-2764-fe0f-200d-1f48b-200d-1f468-1f3fe	326	326	32	32
1f468-1f3fd-200d-2764-fe0f-200d-1f48b-200d-1f468-1f3ff	362	326	32	32
1f468-1f3fe	398	326	32	32
1f468-1f3fe-200d-1f33e	434	326	32	32
1f468-1f3fe-200d-1f373	470	326	32	32
1f468-1f3fe-200d-1f37c	506	326	32	32
1f468-1f3fe-200d-1f384	542	326	32	32
1f468-1f3fe-200d-1f393	578	326	32	32
1f468-1f3fe-200d-1f3a4	614	326	32	32
1f468-1f3fe-200d-1f3a8	650	326	32	32
1f468-1f3fe-200d-1f3eb	686	326	32	32
1f468-1f3fe-200d-1f3ed	722	326	32	32
1f468-1f3fe-200d-1f430-200d-1f468-1f3fb	758	326	32	32
1f468-1f3fe-200d-1f430-200d-1f468-1f3fc	794	326	32	32
1f468-1f3fe-200d-1f430-200d-1f468-1f3fd	830	326	32	32
1f468-1f3fe-200d-1f430-200d-1f468-1f3ff	866	326	32	32
1f468-1f3fe-200d-1f4bb	902	326	32	32
1f468-1f3fe-200d-1f4bc	938	326	32	32
1f468-1f3fe-200d-1f527	974	326	32	32
1f468-1f3fe-200d-1f52c	1010	326	32	32
1f468-1f3fe-200d-1f680	1046	326	32	32
1f468-1f3fe-200d-1f692	1082	326	32	32
1f468-1f3fe-200d-1f91d-200d-1f468-1f3fb	1118	326	32	32
1f468-1f3fe-200d-1f91d-200d-1f468-1f3fc	1154	326	32	32
1f468-1f3fe-200d-1f91d-200d-1f468-1f3fd	1190	326	32	32
1f468-1f3fe-200d-1f91d-200d-1f468-1f3ff	1226	326	32	32
1f468-1f3fe-200d-1f9af	1262	326	32	32
1f468-1f3fe-200d-1f9af-200d-27a1-fe0f	1298	326	32	32
1f468-1f3fe-200d-1f9b0	1334	326	32	32
1f468-1f3fe-200d-1f9b1	1370	326	32	32
1f468-1f3fe-200d-1f9b2	1406	326	32	32
1f468-1f3fe-200d-1f9b3	1442	326	32	32
1f468-1f3fe-200d-1f9bc	1478	326	32	32
1f468-1f3fe-200d-1f9bc-200d-27a1-fe0f	1514	326	32	32
1f468-1f3fe-200d-1f9bd	1550	326	32	32
1f468-1f3fe-200d-1f9bd-200d-27a1-fe0f	1586	326	32	32
1f468-1f3fe-200d-1faef-200d-1f468-1f3fb	1622	326	32	32
1f468-1f3fe-200d-1faef-200d-1f468-1f3fc	1658	326	32	32
1f468-1f3fe-200d-1faef-200d-1f468-1f3fd	1694	326	32	32
1f468-1f3fe-200d-1faef-200d-1f468-1f3ff	1730	326	32	32
1f468-1f3fe-200d-2695-fe0f	1766	326	32	32
1f468-1f3fe-200d-2696-fe0f	1802	326	32	32
1f468-1f3fe-200d-2708-fe0f	1838	326	32	32
1f468-1f3fe-200d-2764-fe0f-200d-1f468-1f3fb	1874	326	32	32
1f468-1f3fe-200d-2764-fe0f-200d-1f468-1f3fc	1910	326	32	32
1f468-1f3fe-200d-2764-fe0f-200d-1f468-1f3fd	1946	326	32	32
1f468-1f3fe-200d-2764-fe0f-200d-1f468-1f3fe	1982	326	32	32
1f468-1f3fe-200d-2764-fe0f-200d-1f468-1f3ff	2018	326	32	32
1f468-1f3fe-200d-2764-fe0f-200d-1f48b-200d-1f468-1f3fb	2054	326	32	32
1f468-1f3fe-200d-2764-fe0f-200d-1f48b-200d-1f468-1f3fc	2090	326	32	32
1f468-1f3fe-200d-2764-fe0f-200d-1f48b-200d-1f468-1f3fd	2126	326	32	32
1f468-1f3fe-200d-2764-fe0f-200d-1f48b-200d-1f468-1f3fe	2162	326	32	32
1f468-1f3fe-200d-2764-fe0f-200d-1f48b-200d-1f468-1f3ff	2198	326	32	32
1f468-1f3ff	2234	326	32	32
1f468-1f3ff-200d-1f33e	2270	326	32	32
1f468-1f3ff-200d-1f373	2306	326	32	32
1f468-1f3ff-200d-1f37c	2342	326	32	32
1f468-1f3ff-200d-1f384	2378	326	32	32
1f468-1f3ff-200d-1f393	2414	326	32	32
1f468-1f3ff-200d-1f3a4	2450	326	32	32
1f468-1f3ff-200d-1f3a8	2486	326	32	32
1f468-1f3ff-200d-1f3eb	2522	326	32	32
1f468-1f3ff-200d-1f3ed	2558	326	32	32
1f468-1f3ff-200d-1f430-200d-1f468-1f3fb	2594	326	32	32
1f468-1f3ff-200d-1f430-200d-1f468-1f3fc	2630	326	32	32
1f468-1f3ff-200d-1f430-200d-1f468-1f3fd	2666	326	32	32
1f468-1f3ff-200d-1f430-200d-1f468-1f3fe	2702	326	32	32
1f468-1f3ff-200d-1f4bb	2738	326	32	32
1f468-1f3ff-200d-1f4bc	2774	326	32	32
1f468-1f3ff-200d-1f527	2810	326	32	32
1f468-1f3ff-200d-1f52c	2846	326	32	32
1f468-1f3ff-200d-1f680	2882	326	32	32
1f468-1f3ff-200d-1f692	2918	326	32	32
1f468-1f3ff-200d-1f91d-200d-1f468-1f3fb	2954	326	32	32
1f468-1f3ff-200d-1f91d-200d-1f468-1f3fc	2990	326	32	32
1f468-1f3ff-200d-1f91d-200d-1f468-1f3fd	3026	326	32	32
1f468-1f3ff-200d-1f91d-200d-1f468-1f3fe	3062	326	32	32
1f468-1f3ff-200d-1f9af	3098	326	32	32
1f468-1f3ff-200d-1f9af-200d-27a1-fe0f	3134	326	32	32
1f468-1f3ff-200d-1f9b0	3170	326	32	32
1f468-1f3ff-200d-1f9b1	3206	326	32	32
1f468-1f3ff-200d-1f9b2	3242	326	32	32
1f468-1f3ff-200d-1f9b3	3278	326	32	32
1f468-1f3ff-200d-1f9bc	3314	326	32	32
1f468-1f3ff-200d-1f9bc-200d-27a1-fe0f	3350	326	32	32
1f468-1f3ff-200d-1f9bd	3386	326	32	32
1f468-1f3ff-200d-1f9bd-200d-27a1-fe0f	3422	326	32	32
1f468-1f3ff-200d-1faef-200d-1f468-1f3fb	3458	326	32	32
1f468-1f3ff-200d-1faef-200d-1f468-1f3fc	3494	326	32	32
1f468-1f3ff-200d-1faef-200d-1f468-1f3fd	3530	326	32	32
1f468-1f3ff-200d-1faef-200d-1f468-1f3fe	3566	326	32	32
1f468-1f3ff-200d-2695-fe0f	3602	326	32	32
1f468-1f3ff-200d-2696-fe0f	3638	326	32	32
1f468-1f3ff-200d-2708-fe0f	3674	326	32	32
1f468-1f3ff-200d-2764-fe0f-200d-1f468-1f3fb	3710	326	32	32
1f468-1f3ff-200d-2764-fe0f-200d-1f468-1f3fc	3746	326	32	32
1f468-1f3ff-200d-2764-fe0f-200d-1f468-1f3fd	3782	326	32	32
1f468-1f3ff-200d-2764-fe0f-200d-1f468-1f3fe	3818	326	32	32
1f468-1f3ff-200d-2764-fe0f-200d-1f468-1f3ff	3854	326	32	32
1f468-1f3ff-200d-2764-fe0f-200d-1f48b-200d-1f468-1f3fb	3890	326	32	32
1f468-1f3ff-200d-2764-fe0f-200d-1f48b-200d-1f468-1f3fc	3926	326	32	32
1f468-1f3ff-200d-2764-fe0f-200d-1f48b-200d-1f468-1f3fd	3962	326	32	32
1f468-1f3ff-200d-2764-fe0f-200d-1f48b-200d-1f468-1f3fe	3998	326	32	32
1f468-1f3ff-200d-2764-fe0f-200d-1f48b-200d-1f468-1f3ff	4034	326	32	32
1f468-200d-1f33e	2	362	32	32
1f468-200d-1f373	38	362	32	32
1f468-200d-1f37c	74	362	32	32
1f468-200d-1f384	110	362	32	32
1f468-200d-1f393	146	362	32	32
1f468-200d-1f3a4	182	362	32	32
1f468-200d-1f3a8	218	362	32	32
1f468-200d-1f3eb	254	362	32	32
1f468-200d-1f3ed	290	362	32	32
1f468-200d-1f466	326	362	32	32
1f468-200d-1f466-200d-1f466	362	362	32	32
1f468-200d-1f467	398	362	32	32
1f468-200d-1f467-200d-1f466	434	362	32	32
1f468-200d-1f467-200d-1f467	470	362	32	32
1f468-200d-1f468-200d-1f466	506	362	32	32
1f468-200d-1f468-200d-1f466-200d-1f466	542	362	32	32
1f468-200d-1f468-200d-1f467	578	362	32	32
1f468-200d-1f468-200d-1f467-200d-1f466	614	362	32	32
1f468-200d-1f468-200d-1f467-200d-1f467	650	362	32	32
1f468-200d-1f469-200d-1f466	686	362	32	32
1f468-200d-1f469-200d-1f466-200d-1f466	722	362	32	32
1f468-200d-1f469-200d-1f467	758	362	32	32
1f468-200d-1f469-200d-1f467-200d-1f466	794	362	32	32
1f468-200d-1f469-200d-1f467-200d-1f467	830	362	32	32
1f468-200d-1f4bb	866	362	32	32
1f468-200d-1f4bc	902	362	32	32
1f468-200d-1f527	938	362	32	32
1f468-200d-1f52c	974	362	32	32
1f468-200d-1f680	1010	362	32	32
1f468-200d-1f692	1046	362	32	32
1f468-200d-1f9af	1082	362	32	32
1f468-200d-1f9af-200d-27a1-fe0f	1118	362	32	32
1f468-200d-1f9b0	1154	362	32	32
1f468-200d-1f9b1	1190	362	32	32
1f468-200d-1f9b2	1226	362	32	32
1f468-200d-1f9b3	1262	362	32	32
1f468-200d-1f9bc	1298	362	32	32
1f468-200d-1f9bc-200d-27a1-fe0f	1334	362	32	32
1f468-200d-1f9bd	1370	362	32	32
1f468-200d-1f9bd-200d-27a1-fe0f	1406	362	32	32
1f468-200d-2695-fe0f	1442	362	32	32
1f468-200d-2696-fe0f	1478	362	32	32
1f468-200d-2708-fe0f	1514	362	32	32
1f468-200d-2764-fe0f-200d-1f468	1550	362	32	32
1f468-200d-2764-fe0f-200d-1f48b-200d-1f468	1586	362	32	32
1f469	1622	362	32	32
1f469-1f3fb	1658	362	32	32
1f469-1f3fb-200d-1f33e	1694	362	32	32
1f469-1f3fb-200d-1f373	1730	362	32	32
1f469-1f3fb-200d-1f37c	1766	362	32	32
1f469-1f3fb-200d-1f384	1802	362	32	32
1f469-1f3fb-200d-1f393	1838	362	32	32
1f469-1f3fb-200d-1f3a4	1874	362	32	32
1f469-1f3fb-200d-1f3a8	1910	362	32	32
1f469-1f3fb-200d-1f3eb	1946	362	32	32
1f469-1f3fb-200d-1f3ed	1982	362	32	32
1f469-1f3fb-200d-1f430-200d-1f469-1f3fc	2018	362	32	32
1f469-1f3fb-200d-1f430-200d-1f469-1f3fd	2054	362	32	32
1f469-1f3fb-200d-1f430-200d-1f469-1f3fe	2090	362	32	32
1f469-1f3fb-200d-1f430-200d-1f469-1f3ff	2126	362	32	32
1f469-1f3fb-200d-1f4bb	2162	362	32	32
1f469-1f3fb-200d-1f4bc	2198	362	32	32
1f469-1f3fb-200d-1f527	2234	362	32	32
1f469-1f3fb-200d-1f52c	2270	362	32	32
1f469-1f3fb-200d-1f680	2306	362	32	32
1f469-1f3fb-200d-1f692	2342	362	32	32
1f469-1f3fb-200d-1f91d-200d-1f468-1f3fc	2378	362	32	32
1f469-1f3fb-200d-1f91d-200d-1f468-1f3fd	2414	362	32	32
1f469-1f3fb-200d-1f91d-200d-1f468-1f3fe	2450	362	32	32
1f469-1f3fb-200d-1f91d-200d-1f468-1f3ff	2486	362	32	32
1f469-1f3fb-200d-1f91d-200d-1f469-1f3fc	2522	362	32	32
1f469-1f3fb-200d-1f91d-200d-1f469-1f3fd	2558	362	32	32
1f469-1f3fb-200d-1f91d-200d-1f469-1f3fe	2594	362	32	32
1f469-1f3fb-200d-1f91d-200d-1f469-1f3ff	2630	362	32	32
1f469-1f3fb-200d-1f9af	2666	362	32	32
1f469-1f3fb-200d-1f9af-200d-27a1-fe0f	2702	362	32	32
1f469-1f3fb-200d-1f9b0	2738	362	32	32
1f469-1f3fb-200d-1f9b1	2774	362	32	32
1f469-1f3fb-200d-1f9b2	2810	362	32	32
1f469-1f3fb-200d-1f9b3	2846	362	32	32
1f469-1f3fb-200d-1f9bc	2882	362	32	32
1f469-1f3fb-200d-1f9bc-200d-27a1-fe0f	2918	362	32	32
1f469-1f3fb-200d-1f9bd	2954	362	32	32
1f469-1f3fb-200d-1f9bd-200d-27a1-fe0f	2990	362	32	32
1f469-1f3fb-200d-1faef-200d-1f469-1f3fc	3026	362	32	32
1f469-1f3fb-200d-1faef-200d-1f469-1f3fd	3062	362	32	32
1f469-1f3fb-200d-1faef-200d-1f469-1f3fe	3098	362	32	32
1f469-1f3fb-200d-1faef-200d-1f469-1f3ff	3134	362	32	32
1f469-1f3fb-200d-2695-fe0f	3170	362	32	32
1f469-1f3fb-200d-2696-fe0f	3206	362	32	32
1f469-1f3fb-200d-2708-fe0f	3242	362	32	32
1f469-1f3fb-200d-2764-fe0f-200d-1f468-1f3fb	3278	362	32	32
1f469-1f3fb-200d-2764-fe0f-200d-1f468-1f3fc	3314	362	32	32
1f469-1f3fb-200d-2764-fe0f-200d-1f468-1f3fd	3350	362	32	32
1f469-1f3fb-200d-2764-fe0f-200d-1f468-1f3fe	3386	362	32	32
1f469-1f3fb-200d-2764-fe0f-200d-1f468-1f3ff	3422	362	32	32
1f469-1f3fb-200d-2764-fe0f-200d-1f469-1f3fb	3458	362	32	32
1f469-1f3fb-200d-2764-fe0f-200d-1f469-1f3fc	3494	362	32	32
1f469-1f3fb-200d-2764-fe0f-200d-1f469-1f3fd	3530	362	32	32
1f469-1f3fb-200d-2764-fe0f-200d-1f469-1f3fe	3566	362	32	32
1f469-1f3fb-200d-2764-fe0f-200d-1f469-1f3ff	3602	362	32	32
1f469-1f3fb-200d-2764-fe0f-200d-1f48b-200d-1f468-1f3fb	3638	362	32	32
1f469-1f3fb-200d-2764-fe0f-200d-1f48b-200d-1f468-1f3fc	3674	362	32	32
1f469-1f3fb-200d-2764-fe0f-200d-1f48b-200d-1f468-1f3fd	3710	362	32	32
1f469-1f3fb-200d-2764-fe0f-200d-1f48b-200d-1f468-1f3fe	3746	362	32	32
1f469-1f3fb-200d-2764-fe0f-200d-1f48b-200d-1f468-1f3ff	3782	362	32	32
1f469-1f3fb-200d-2764-fe0f-200d-1f48b-200d-1f469-1f3fb	3818	362	32	32
1f469-1f3fb-200d-2764-fe0f-200d-1f48b-200d-1f469-1f3fc	3854	362	32	32
1f469-1f3fb-200d-2764-fe0f-200d-1f48b-200d-1f469-1f3fd	3890	362	32	32
1f469-1f3fb-200d-2764-fe0f-200d-1f48b-200d-1f469-1f3fe	3926	362	32	32
1f469-1f3fb-200d-2764-fe0f-200d-1f48b-200d-1f469-1f3ff	3962	362	32	32
1f469-1f3fc	3998	362	32	32
1f469-1f3fc-200d-1f33e	4034	362	32	32
1f469-1f3fc-200d-1f373	2	398	32	32
1f469-1f3fc-200d-1f37c	38	398	32	32
1f469-1f3fc-200d-1f384	74	398	32	32
1f469-1f3fc-200d-1f393	110	398	32	32
1f469-1f3fc-200d-1f3a4	146	398	32	32
1f469-1f3fc-200d-1f3a8	182	398	32	32
1f469-1f3fc-200d-1f3eb	218	398	32	32
1f469-1f3fc-200d-1f3ed	254	398	32	32
1f469-1f3fc-200d-1f430-200d-1f469-1f3fb	290	398	32	32
1f469-1f3fc-200d-1f430-200d-1f469-1f3fd	326	398	32	32
1f469-1f3fc-200d-1f430-200d-1f469-1f3fe	362	398	32	32
1f469-1f3fc-200d-1f430-200d-1f469-1f3ff	398	398	32	32
1f469-1f3fc-200d-1f4bb	434	398	32	32
1f469-1f3fc-200d-1f4bc	470	398	32	32
1f469-1f3fc-200d-1f527	506	398	32	32
1f469-1f3fc-200d-1f52c	542	398	32	32
1f469-1f3fc-200d-1f680	578	398	32	32
1f469-1f3fc-200d-1f692	614	398	32	32
1f469-1f3fc-200d-1f91d-200d-1f468-1f3fb	650	398	32	32
1f469-1f3fc-200d-1f91d-200d-1f468-1f3fd	686	398	32	32
1f469-1f3fc-200d-1f91d-200d-1f468-1f3fe	722	398	32	32
1f469-1f3fc-200d-1f91d-200d-1f468-1f3ff	758	398	32	32
1f469-1f3fc-200d-1f91d-200d-1f469-1f3fb	794	398	32	32
1f469-1f3fc-200d-1f91d-200d-1f469-1f3fd	830	398	32	32
1f469-1f3fc-200d-1f91d-200d-1f469-1f3fe	866	398	32	32
1f469-1f3fc-200d-1f91d-200d-1f469-1f3ff	902	398	32	32
1f469-1f3fc-200d-1f9af	938	398	32	32
1f469-1f3fc-200d-1f9af-200d-27a1-fe0f	974	398	32	32
1f469-1f3fc-200d-1f9b0	1010	398	32	32
1f469-1f3fc-200d-1f9b1	1046	398	32	32
1f469-1f3fc-200d-1f9b2	1082	398	32	32
1f469-1f3fc-200d-1f9b3	1118	398	32	32
1f469-1f3fc-200d-1f9bc	1154	398	32	32
1f469-1f3fc-200d-1f9bc-200d-27a1-fe0f	1190	398	32	32
1f469-1f3fc-200d-1f9bd	1226	398	32	32
1f469-1f3fc-200d-1f9bd-200d-27a1-fe0f	1262	398	32	32
1f469-1f3fc-200d-1faef-200d-1f469-1f3fb	1298	398	32	32
1f469-1f3fc-200d-1faef-200d-1f469-1f3fd	1334	398	32	32
1f469-1f3fc-200d-1faef-200d-1f469-1f3fe	1370	398	32	32
1f469-1f3fc-200d-1faef-200d-1f469-1f3ff	1406	398	32	32
1f469-1f3fc-200d-2695-fe0f	1442	398	32	32
1f469-1f3fc-200d-2696-fe0f	1478	398	32	32
1f469-1f3fc-200d-2708-fe0f	1514	398	32	32
1f469-1f3fc-200d-2764-fe0f-200d-1f468-1f3fb	1550	398	32	32
1f469-1f3fc-200d-2764-fe0f-200d-1f468-1f3fc	1586	398	32	32
1f469-1f3fc-200d-2764-fe0f-200d-1f468-1f3fd	1622	398	32	32
1f469-1f3fc-200d-2764-fe0f-200d-1f468-1f3fe	1658	398	32	32
1f469-1f3fc-200d-2764-fe0f-200d-1f468-1f3ff	1694	398	32	32
1f469-1f3fc-200d-2764-fe0f-200d-1f469-1f3fb	1730	398	32	32
1f469-1f3fc-200d-2764-fe0f-200d-1f469-1f3fc	1766	398	32	32
1f469-1f3fc-200d-2764-fe0f-200d-1f469-1f3fd	1802	398	32	32
1f469-1f3fc-200d-2764-fe0f-200d-1f469-1f3fe	1838	398	32	32
1f469-1f3fc-200d-2764-fe0f-200d-1f469-1f3ff	1874	398	32	32
1f469-1f3fc-200d-2764-fe0f-200d-1f48b-200d-1f468-1f3fb	1910	398	32	32
1f469-1f3fc-200d-2764-fe0f-200d-1f48b-200d-1f468-1f3fc	1946	398	32	32
1f469-1f3fc-200d-2764-fe0f-200d-1f48b-200d-1f468-1f3fd	1982	398	32	32
1f469-1f3fc-200d-2764-fe0f-200d-1f48b-200d-1f468-1f3fe	2018	398	32	32
1f469-1f3fc-200d-2764-fe0f-200d-1f48b-200d-1f468-1f3ff	2054	398	32	32
1f469-1f3fc-200d-2764-fe0f-200d-1f48b-200d-1f469-1f3fb	2090	398	32	32
1f469-1f3fc-200d-2764-fe0f-200d-1f48b-200d-1f469-1f3fc	2126	398	32	32
1f469-1f3fc-200d-2764-fe0f-200d-1f48b-200d-1f469-1f3fd	2162	398	32	32
1f469-1f3fc-200d-2764-fe0f-200d-1f48b-200d-1f469-1f3fe	2198	398	32	32
1f469-1f3fc-200d-2764-fe0f-200d-1f48b-200d-1f469-1f3ff	2234	398	32	32
1f469-1f3fd	2270	398	32	32
1f469-1f3fd-200d-1f33e	2306	398	32	32
1f469-1f3fd-200d-1f373	2342	398	32	32
1f469-1f3fd-200d-1f37c	2378	398	32	32
1f469-1f3fd-200d-1f384	2414	398	32	32
1f469-1f3fd-200d-1f393	2450	398	32	32
1f469-1f3fd-200d-1f3a4	2486	398	32	32
1f469-1f3fd-200d-1f3a8	2522	398	32	32
1f469-1f3fd-200d-1f3eb	2558	398	32	32
1f469-1f3fd-200d-1f3ed	2594	398	32	32
1f469-1f3fd-200d-1f430-200d-1f469-1f3fb	2630	398	32	32
1f469-1f3fd-200d-1f430-200d-1f469-1f3fc	2666	398	32	32
1f469-1f3fd-200d-1f430-200d-1f469-1f3fe	2702	398	32	32
1f469-1f3fd-200d-1f430-200d-1f469-1f3ff	2738	398	32	32
1f469-1f3fd-200d-1f4bb	2774	398	32	32
1f469-1f3fd-200d-1f4bc	2810	398	32	32
1f469-1f3fd-200d-1f527	2846	398	32	32
1f469-1f3fd-200d-1f52c	2882	398	32	32
1f469-1f3fd-200d-1f680	2918	398	32	32
1f469-1f3fd-200d-1f692	2954	398	32	32
1f469-1f3fd-200d-1f91d-200d-1f468-1f3fb	2990	398	32	32
1f469-1f3fd-200d-1f91d-200d-1f468-1f3fc	3026	398	32	32
1f469-1f3fd-200d-1f91d-200d-1f468-1f3fe	3062	398	32	32
1f469-1f3fd-200d-1f91d-200d-1f468-1f3ff	3098	398	32	32
1f469-1f3fd-200d-1f91d-200d-1f469-1f3fb	3134	398	32	32
1f469-1f3fd-200d-1f91d-200d-1f469-1f3fc	3170	398	32	32
1f469-1f3fd-200d-1f91d-200d-1f469-1f3fe	3206	398	32	32
1f469-1f3fd-200d-1f91d-200d-1f469-1f3ff	3242	398	32	32
1f469-1f3fd-200d-1f9af	3278	398	32	32
1f469-1f3fd-200d-1f9af-200d-27a1-fe0f	3314	398	32	32
1f469-1f3fd-200d-1f9b0	3350	398	32	32
1f469-1f3fd-200d-1f9b1	3386	398	32	32
1f469-1f3fd-200d-1f9b2	3422	398	32	32
1f469-1f3fd-200d-1f9b3	3458	398	32	32
1f469-1f3fd-200d-1f9bc	3494	398	32	32
1f469-1f3fd-200d-1f9bc-200d-27a1-fe0f	3530	398	32	32
1f469-1f3fd-200d-1f9bd	3566	398	32	32
1f469-1f3fd-200d-1f9bd-200d-27a1-fe0f	3602	398	32	32
1f469-1f3fd-200d-1faef-200d-1f469-1f3fb	3638	398	32	32
1f469-1f3fd-200d-1faef-200d-1f469-1f3fc	3674	398	32	32
1f469-1f3fd-200d-1faef-200d-1f469-1f3fe	3710	398	32	32
1f469-1f3fd-200d-1faef-200d-1f469-1f3ff	3746	398	32	32
1f469-1f3fd-200d-2695-fe0f	3782	398	32	32
1f469-1f3fd-200d-2696-fe0f	3818	398	32	32
1f469-1f3fd-200d-2708-fe0f	3854	398	32	32
1f469-1f3fd-200d-2764-fe0f-200d-1f468-1f3fb	3890	398	32	32
1f469-1f3fd-200d-2764-fe0f-200d-1f468-1f3fc	3926	398	32	32
1f469-1f3fd-200d-2764-fe0f-200d-1f468-1f3fd	3962	398	32	32
1f469-1f3fd-200d-2764-fe0f-200d-1f468-1f3fe	3998	398	32	32
1f469-1f3fd-200d-2764-fe0f-200d-1f468-1f3ff	4034	398	32	32
1f469-1f3fd-200d-2764-fe0f-200d-1f469-1f3fb	2	434	32	32
1f469-1f3fd-200d-2764-fe0f-200d-1f469-1f3fc	38	434	32	32
1f469-1f3fd-200d-2764-fe0f-200d-1f469-1f3fd	74	434	32	32
1f469-1f3fd-200d-2764-fe0f-200d-1f469-1f3fe	110	434	32	32
1f469-1f3fd-200d-2764-fe0f-200d-1f469-1f3ff	146	434	32	32
1f469-1f3fd-200d-2764-fe0f-200d-1f48b-200d-1f468-1f3fb	182	434	32	32
1f469-1f3fd-200d-2764-fe0f-200d-1f48b-200d-1f468-1f3fc	218	434	32	32
1f469-1f3fd-200d-2764-fe0f-200d-1f48b-200d-1f468-1f3fd	254	434	32	32
1f469-1f3fd-200d-2764-fe0f-200d-1f48b-200d-1f468-1f3fe	290	434	32	32
1f469-1f3fd-200d-2764-fe0f-200d-1f48b-200d-1f468-1f3ff	326	434	32	32
1f469-1f3fd-200d-2764-fe0f-200d-1f48b-200d-1f469-1f3fb	362	434	32	32
1f469-1f3fd-200d-2764-fe0f-200d-1f48b-200d-1f469-1f3fc	398	434	32	32
1f469-1f3fd-200d-2764-fe0f-200d-1f48b-200d-1f469-1f3fd	434	434	32	32
1f469-1f3fd-200d-2764-fe0f-200d-1f48b-200d-1f469-1f3fe	470	434	32	32
1f469-1f3fd-200d-2764-fe0f-200d-1f48b-200d-1f469-1f3ff	506	434	32	32
1f469-1f3fe	542	434	32	32
1f469-1f3fe-200d-1f33e	578	434	32	32
1f469-1f3fe-200d-1f373	614	434	32	32
1f469-1f3fe-200d-1f37c	650	434	32	32
1f469-1f3fe-200d-1f384	686	434	32	32
1f469-1f3fe-200d-1f393	722	434	32	32
1f469-1f3fe-200d-1f3a4	758	434	32	32
1f469-1f3fe-200d-1f3a8	794	434	32	32
1f469-1f3fe-200d-1f3eb	830	434	32	32
1f469-1f3fe-200d-1f3ed	866	434	32	32
1f469-1f3fe-200d-1f430-200d-1f469-1f3fb	902	434	32	32
1f469-1f3fe-200d-1f430-200d-1f469-1f3fc	938	434	32	32
1f469-1f3fe-200d-1f430-200d-1f469-1f3fd	974	434	32	32
1f469-1f3fe-200d-1f430-200d-1f469-1f3ff	1010	434	32	32
1f469-1f3fe-200d-1f4bb	1046	434	32	32
1f469-1f3fe-200d-1f4bc	1082	434	32	32
1f469-1f3fe-200d-1f527	1118	434	32	32
1f469-1f3fe-200d-1f52c	1154	434	32	32
1f469-1f3fe-200d-1f680	1190	434	32	32
1f469-1f3fe-200d-1f692	1226	434	32	32
1f469-1f3fe-200d-1f91d-200d-1f468-1f3fb	1262	434	32	32
1f469-1f3fe-200d-1f91d-200d-1f468-1f3fc	1298	434	32	32
1f469-1f3fe-200d-1f91d-200d-1f468-1f3fd	1334	434	32	32
1f469-1f3fe-200d-1f91d-200d-1f468-1f3ff	1370	434	32	32
1f469-1f3fe-200d-1f91d-200d-1f469-1f3fb	1406	434	32	32
1f469-1f3fe-200d-1f91d-200d-1f469-1f3fc	1442	434	32	32
1f469-1f3fe-200d-1f91d-200d-1f469-1f3fd	1478	434	32	32
1f469-1f3fe-200d-1f91d-200d-1f469-1f3ff	1514	434	32	32
1f469-1f3fe-200d-1f9af	1550	434	32	32
1f469-1f3fe-200d-1f9af-200d-27a1-fe0f	1586	434	32	32
1f469-1f3fe-200d-1f9b0	1622	434	32	32
1f469-1f3fe-200d-1f9b1	1658	434	32	32
1f469-1f3fe-200d-1f9b2	1694	434	32	32
1f469-1f3fe-200d-1f9b3	1730	434	32	32
1f469-1f3fe-200d-1f9bc	1766	434	32	32
1f469-1f3fe-200d-1f9bc-200d-27a1-fe0f	1802	434	32	32
1f469-1f3fe-200d-1f9bd	1838	434	32	32
1f469-1f3fe-200d-1f9bd-200d-27a1-fe0f	1874	434	32	32
1f469-1f3fe-200d-1faef-200d-1f469-1f3fb	1910	434	32	32
1f469-1f3fe-200d-1faef-200d-1f469-1f3fc	1946	434	32	32
1f469-1f3fe-200d-1faef-200d-1f469-1f3fd	1982	434	32	32
1f469-1f3fe-200d-1faef-200d-1f469-1f3ff	2018	434	32	32
1f469-1f3fe-200d-2695-fe0f	2054	434	32	32
1f469-1f3fe-200d-2696-fe0f	2090	434	32	32
1f469-1f3fe-200d-2708-fe0f	2126	434	32	32
1f469-1f3fe-200d-2764-fe0f-200d-1f468-1f3fb	2162	434	32	32
1f469-1f3fe-200d-2764-fe0f-200d-1f468-1f3fc	2198	434	32	32
1f469-1f3fe-200d-2764-fe0f-200d-1f468-1f3fd	2234	434	32	32
1f469-1f3fe-200d-2764-fe0f-200d-1f468-1f3fe	2270	434	32	32
1f469-1f3fe-200d-2764-fe0f-200d-1f468-1f3ff	2306	434	32	32
1f469-1f3fe-200d-2764-fe0f-200d-1f469-1f3fb	2342	434	32	32
1f469-1f3fe-200d-2764-fe0f-200d-1f469-1f3fc	2378	434	32	32
1f469-1f3fe-200d-2764-fe0f-200d-1f469-1f3fd	2414	434	32	32
1f469-1f3fe-200d-2764-fe0f-200d-1f469-1f3fe	2450	434	32	32
1f469-1f3fe-200d-2764-fe0f-200d-1f469-1f3ff	2486	434	32	32
1f469-1f3fe-200d-2764-fe0f-200d-1f48b-200d-1f468-1f3fb	2522	434	32	32
1f469-1f3fe-200d-2764-fe0f-200d-1f48b-200d-1f468-1f3fc	2558	434	32	32
1f469-1f3fe-200d-2764-fe0f-200d-1f48b-200d-1f468-1f3fd	2594	434	32	32
1f469-1f3fe-200d-2764-fe0f-200d-1f48b-200d-1f468-1f3fe	2630	434	32	32
1f469-1f3fe-200d-2764-fe0f-200d-1f48b-200d-1f468-1f3ff	2666	434	32	32
1f469-1f3fe-200d-2764-fe0f-200d-1f48b-200d-1f469-1f3fb	2702	434	32	32
1f469-1f3fe-200d-2764-fe0f-200d-1f48b-200d-1f469-1f3fc	2738	434	32	32
1f469-1f3fe-200d-2764-fe0f-200d-1f48b-200d-1f469-1f3fd	2774	434	32	32
1f469-1f3fe-200d-2764-fe0f-200d-1f48b-200d-1f469-1f3fe	2810	434	32	32
1f469-1f3fe-200d-2764-fe0f-200d-1f48b-200d-1f469-1f3ff	2846	434	32	32
1f469-1f3ff	2882	434	32	32
1f469-1f3ff-200d-1f33e	2918	434	32	32
1f469-1f3ff-200d-1f373	2954	434	32	32
1f469-1f3ff-200d-1f37c	2990	434	32	32
1f469-1f3ff-200d-1f384	3026	434	32	32
1f469-1f3ff-200d-1f393	3062	434	32	32
1f469-1f3ff-200d-1f3a4	3098	434	32	32
1f469-1f3ff-200d-1f3a8	3134	434	32	32
1f469-1f3ff-200d-1f3eb	3170	434	32	32
1f469-1f3ff-200d-1f3ed	3206	434	32	32
1f469-1f3ff-200d-1f430-200d-1f469-1f3fb	3242	434	32	32
1f469-1f3ff-200d-1f430-200d-1f469-1f3fc	3278	434	32	32
1f469-1f3ff-200d-1f430-200d-1f469-1f3fd	3314	434	32	32
1f469-1f3ff-200d-1f430-200d-1f469-1f3fe	3350	434	32	32
1f469-1f3ff-200d-1f4bb	3386	434	32	32
1f469-1f3ff-200d-1f4bc	3422	434	32	32
1f469-1f3ff-200d-1f527	3458	434	32	32
1f469-1f3ff-200d-1f52c	3494	434	32	32
1f469-1f3ff-200d-1f680	3530	434	32	32
1f469-1f3ff-200d-1f692	3566	434	32	32
1f469-1f3ff-200d-1f91d-200d-1f468-1f3fb	3602	434	32	32
1f469-1f3ff-200d-1f91d-200d-1f468-1f3fc	3638	434	32	32
1f469-1f3ff-200d-1f91d-200d-1f468-1f3fd	3674	434	32	32
1f469-1f3ff-200d-1f91d-200d-1f468-1f3fe	3710	434	32	32
1f469-1f3ff-200d-1f91d-200d-1f469-1f3fb	3746	434	32	32
1f469-1f3ff-200d-1f91d-200d-1f469-1f3fc	3782	434	32	32
1f469-1f3ff-200d-1f91d-200d-1f469-1f3fd	3818	434	32	32
1f469-1f3ff-200d-1f91d-200d-1f469-1f3fe	3854	434	32	32
1f469-1f3ff-200d-1f9af	3890	434	32	32
1f469-1f3ff-200d-1f9af-200d-27a1-fe0f	3926	434	32	32
1f469-1f3ff-200d-1f9b0	3962	434	32	32
1f469-1f3ff-200d-1f9b1	3998	434	32	32
1f469-1f3ff-200d-1f9b2	4034	434	32	32
1f469-1f3ff-200d-1f9b3	2	470	32	32
1f469-1f3ff-200d-1f9bc	38	470	32	32
1f469-1f3ff-200d-1f9bc-200d-27a1-fe0f	74	470	32	32
1f469-1f3ff-200d-1f9bd	110	470	32	32
1f469-1f3ff-200d-1f9bd-200d-27a1-fe0f	146	470	32	32
1f469-1f3ff-200d-1faef-200d-1f469-1f3fb	182	470	32	32
1f469-1f3ff-200d-1faef-200d-1f469-1f3fc	218	470	32	32
1f469-1f3ff-200d-1faef-200d-1f469-1f3fd	254	470	32	32
1f469-1f3ff-200d-1faef-200d-1f469-1f3fe	290	470	32	32
1f469-1f3ff-200d-2695-fe0f	326	470	32	32
1f469-1f3ff-200d-2696-fe0f	362	470	32	32
1f469-1f3ff-200d-2708-fe0f	398	470	32	32
1f469-1f3ff-200d-2764-fe0f-200d-1f468-1f3fb	434	470	32	32
1f469-1f3ff-200d-2764-fe0f-200d-1f468-1f3fc	470	470	32	32
1f469-1f3ff-200d-2764-fe0f-200d-1f468-1f3fd	506	470	32	32
1f469-1f3ff-200d-2764-fe0f-200d-1f468-1f3fe	542	470	32	32
1f469-1f3ff-200d-2764-fe0f-200d-1f468-1f3ff	578	470	32	32
1f469-1f3ff-200d-2764-fe0f-200d-1f469-1f3fb	614	470	32	32
1f469-1f3ff-200d-2764-fe0f-200d-1f469-1f3fc	650	470	32	32
1f469-1f3ff-200d-2764-fe0f-200d-1f469-1f3fd	686	470	32	32
1f469-1f3ff-200d-2764-fe0f-200d-1f469-1f3fe	722	470	32	32
1f469-1f3ff-200d-2764-fe0f-200d-1f469-1f3ff	758	470	32	32
1f469-1f3ff-200d-2764-fe0f-200d-1f48b-200d-1f468-1f3fb	794	470	32	32
1f469-1f3ff-200d-2764-fe0f-200d-1f48b-200d-1f468-1f3fc	830	470	32	32
1f469-1f3ff-200d-2764-fe0f-200d-1f48b-200d-1f468-1f3fd	866	470	32	32
1f469-1f3ff-200d-2764-fe0f-200d-1f48b-200d-1f468-1f3fe	902	470	32	32
1f469-1f3ff-200d-2764-fe0f-200d-1f48b-200d-1f468-1f3ff	938	470	32	32
1f469-1f3ff-200d-2764-fe0f-200d-1f48b-200d-1f469-1f3fb	974	470	32	32
1f469-1f3ff-200d-2764-fe0f-200d-1f48b-200d-1f469-1f3fc	1010	470	32	32
1f469-1f3ff-200d-2764-fe0f-200d-1f48b-200d-1f469-1f3fd	1046	470	32	32
1f469-1f3ff-200d-2764-fe0f-200d-1f48b-200d-1f469-1f3fe	1082	470	32	32
1f469-1f3ff-200d-2764-fe0f-200d-1f48b-200d-1f469-1f3ff	1118	470	32	32
1f469-200d-1f33e	1154	470	32	32
1f469-200d-1f373	1190	470	32	32
1f469-200d-1f37c	1226	470	32	32
1f469-200d-1f384	1262	470	32	32
1f469-200d-1f393	1298	470	32	32
1f469-200d-1f3a4	1334	470	32	32
1f469-200d-1f3a8	1370	470	32	32
1f469-200d-1f3eb	1406	470	32	32
1f469-200d-1f3ed	1442	470	32	32
1f469-200d-1f466	1478	470	32	32
1f469-200d-1f466-200d-1f466	1514	470	32	32
1f469-200d-1f467	1550	470	32	32
1f469-200d-1f467-200d-1f466	1586	470	32	32
1f469-200d-1f467-200d-1f467	1622	470	32	32
1f469-200d-1f469-200d-1f466	1658	470	32	32
1f469-200d-1f469-200d-1f466-200d-1f466	1694	470	32	32
1f469-200d-1f469-200d-1f467	1730	470	32	32
1f469-200d-1f469-200d-1f467-200d-1f466	1766	470	32	32
1f469-200d-1f469-200d-1f467-200d-1f467	1802	470	32	32
1f469-200d-1f4bb	1838	470	32	32
1f469-200d-1f4bc	1874	470	32	32
1f469-200d-1f527	1910	470	32	32
1f469-200d-1f52c	1946	470	32	32
1f469-200d-1f680	1982	470	32	32
1f469-200d-1f692	2018	470	32	32
1f469-200d-1f9af	2054	470	32	32
1f469-200d-1f9af-200d-27a1-fe0f	2090	470	32	32
1f469-200d-1f9b0	2126	470	32	32
1f469-200d-1f9b1	2162	470	32	32
1f469-200d-1f9b2	2198	470	32	32
1f469-200d-1f9b3	2234	470	32	32
1f469-200d-1f9bc	2270	470	32	32
1f469-200d-1f9bc-200d-27a1-fe0f	2306	470	32	32
1f469-200d-1f9bd	2342	470	32	32
1f469-200d-1f9bd-200d-27a1-fe0f	2378	470	32	32
1f469-200d-2695-fe0f	2414	470	32	32
1f469-200d-2696-fe0f	2450	470	32	32
1f469-200d-2708-fe0f	2486	470	32	32
1f469-200d-2764-fe0f-200d-1f468	2522	470	32	32
1f469-200d-2764-fe0f-200d-1f469	2558	470	32	32
1f469-200d-2764-fe0f-200d-1f48b-200d-1f468	2594	470	32	32
1f469-200d-2764-fe0f-200d-1f48b-200d-1f469	2630	470	32	32
1f46a	2666	470	32	32
1f46b	2702	470	32	32
1f46b-1f3fb	2738	470	32	32
1f46b-1f3fc	2774	470	32	32
1f46b-1f3fd	2810	470	32	32
1f46b-1f3fe	2846	470	32	32
1f46b-1f3ff	2882	470	32	32
1f46c	2918	470	32	32
1f46c-1f3fb	2954	470	32	32
1f46c-1f3fc	2990	470	32	32
1f46c-1f3fd	3026	470	32	32
1f46c-1f3fe	3062	470	32	32
1f46c-1f3ff	3098	470	32	32
1f46d	3134	470	32	32
1f46d-1f3fb	3170	470	32	32
1f46d-1f3fc	3206	470	32	32
1f46d-1f3fd	3242	470	32	32
1f46d-1f3fe	3278	470	32	32
1f46d-1f3ff	3314	470	32	32
1f46e	3350	470	32	32
1f46e-1f3fb	3386	470	32	32
1f46e-1f3fb-200d-2640-fe0f	3422	470	32	32
1f46e-1f3fb-200d-2642-fe0f	3458	470	32	32
1f46e-1f3fc	3494	470	32	32
1f46e-1f3fc-200d-2640-fe0f	3530	470	32	32
1f46e-1f3fc-200d-2642-fe0f	3566	470	32	32
1f46e-1f3fd	3602	470	32	32
1f46e-1f3fd-200d-2640-fe0f	3638	470	32	32
1f46e-1f3fd-200d-2642-fe0f	3674	470	32	32
1f46e-1f3fe	3710	470	32	32
1f46e-1f3fe-200d-2640-fe0f	3746	470	32	32
1f46e-1f3fe-200d-2642-fe0f	3782	470	32	32
1f46e-1f3ff	3818	470	32	32
1f46e-1f3ff-200d-2640-fe0f	3854	470	32	32
1f46e-1f3ff-200d-2642-fe0f	3890	470	32	32
1f46e-200d-2640-fe0f	3926	470	32	32
1f46e-200d-2642-fe0f	3962	470	32	32
1f46f	3998	470	32	32
1f46f-1f3fb	4034	470	32	32
1f46f-1f3fb-200d-2640-fe0f	2	506	32	32
1f46f-1f3fb-200d-2642-fe0f	38	506	32	32
1f46f-1f3fc	74	506	32	32
1f46f-1f3fc-200d-2640-fe0f	110	506	32	32
1f46f-1f3fc-200d-2642-fe0f	146	506	32	32
1f46f-1f3fd	182	506	32	32
1f46f-1f3fd-200d-2640-fe0f	218	506	32	32
1f46f-1f3fd-200d-2642-fe0f	254	506	32	32
1f46f-1f3fe	290	506	32	32
1f46f-1f3fe-200d-2640-fe0f	326	506	32	32
1f46f-1f3fe-200d-2642-fe0f	362	506	32	32
1f46f-1f3ff	398	506	32	32
1f46f-1f3ff-200d-2640-fe0f	434	506	32	32
1f46f-1f3ff-200d-2642-fe0f	470	506	32	32
1f46f-200d-2640-fe0f	506	506	32	32
1f46f-200d-2642-fe0f	542	506	32	32
1f470	578	506	32	32
1f470-1f3fb	614	506	32	32
1f470-1f3fb-200d-2640-fe0f	650	506	32	32
1f470-1f3fb-200d-2642-fe0f	686	506	32	32
1f470-1f3fc	722	506	32	32
1f470-1f3fc-200d-2640-fe0f	758	506	32	32
1f470-1f3fc-200d-2642-fe0f	794	506	32	32
1f470-1f3fd	830	506	32	32
1f470-1f3fd-200d-2640-fe0f	866	506	32	32
1f470-1f3fd-200d-2642-fe0f	902	506	32	32
1f470-1f3fe	938	506	32	32
1f470-1f3fe-200d-2640-fe0f	974	506	32	32
1f470-1f3fe-200d-2642-fe0f	1010	506	32	32
1f470-1f3ff	1046	506	32	32
1f470-1f3ff-200d-2640-fe0f	1082	506	32	32
1f470-1f3ff-200d-2642-fe0f	1118	506	32	32
1f470-200d-2640-fe0f	1154	506	32	32
1f470-200d-2642-fe0f	1190	506	32	32
1f471	1226	506	32	32
1f471-1f3fb	1262	506	32	32
1f471-1f3fb-200d-2640-fe0f	1298	506	32	32
1f471-1f3fb-200d-2642-fe0f	1334	506	32	32
1f471-1f3fc	1370	506	32	32
1f471-1f3fc-200d-2640-fe0f	1406	506	32	32
1f471-1f3fc-200d-2642-fe0f	1442	506	32	32
1f471-1f3fd	1478	506	32	32
1f471-1f3fd-200d-2640-fe0f	1514	506	32	32
1f471-1f3fd-200d-2642-fe0f	1550	506	32	32
1f471-1f3fe	1586	506	32	32
1f471-1f3fe-200d-2640-fe0f	1622	506	32	32
1f471-1f3fe-200d-2642-fe0f	1658	506	32	32
1f471-1f3ff	1694	506	32	32
1f471-1f3ff-200d-2640-fe0f	1730	506	32	32
1f471-1f3ff-200d-2642-fe0f	1766	506	32	32
1f471-200d-2640-fe0f	1802	506	32	32
1f471-200d-2642-fe0f	1838	506	32	32
1f472	1874	506	32	32
1f472-1f3fb	1910	506	32	32
1f472-1f3fc	1946	506	32	32
1f472-1f3fd	1982	506	32	32
1f472-1f3fe	2018	506	32	32
1f472-1f3ff	2054	506	32	32
1f473	2090	506	32	32
1f473-1f3fb	2126	506	32	32
1f473-1f3fb-200d-2640-fe0f	2162	506	32	32
1f473-1f3fb-200d-2642-fe0f	2198	506	32	32
1f473-1f3fc	2234	506	32	32
1f473-1f3fc-200d-2640-fe0f	2270	506	32	32
1f473-1f3fc-200d-2642-fe0f	2306	506	32	32
1f473-1f3fd	2342	506	32	32
1f473-1f3fd-200d-2640-fe0f	2378	506	32	32
1f473-1f3fd-200d-2642-fe0f	2414	506	32	32
1f473-1f3fe	2450	506	32	32
1f473-1f3fe-200d-2640-fe0f	2486	506	32	32
1f473-1f3fe-200d-2642-fe0f	2522	506	32	32
1f473-1f3ff	2558	506	32	32
1f473-1f3ff-200d-2640-fe0f	2594	506	32	32
1f473-1f3ff-200d-2642-fe0f	2630	506	32	32
1f473-200d-2640-fe0f	2666	506	32	32
1f473-200d-2642-fe0f	2702	506	32	32
1f474	2738	506	32	32
1f474-1f3fb	2774	506	32	32
1f474-1f3fc	2810	506	32	32
1f474-1f3fd	2846	506	32	32
1f474-1f3fe	2882	506	32	32
1f474-1f3ff	2918	506	32	32
1f475	2954	506	32	32
1f475-1f3fb	2990	506	32	32
1f475-1f3fc	3026	506	32	32
1f475-1f3fd	3062	506	32	32
1f475-1f3fe	3098	506	32	32
1f475-1f3ff	3134	506	32	32
1f476	3170	506	32	32
1f476-1f3fb	3206	506	32	32
1f476-1f3fc	3242	506	32	32
1f476-1f3fd	3278	506	32	32
1f476-1f3fe	3314	506	32	32
1f476-1f3ff	3350	506	32	32
1f477	3386	506	32	32
1f477-1f3fb	3422	506	32	32
1f477-1f3fb-200d-2640-fe0f	3458	506	32	32
1f477-1f3fb-200d-2642-fe0f	3494	506	32	32
1f477-1f3fc	3530	506	32	32
1f477-1f3fc-200d-2640-fe0f	3566	506	32	32
1f477-1f3fc-200d-2642-fe0f	3602	506	32	32
1f477-1f3fd	3638	506	32	32
1f477-1f3fd-200d-2640-fe0f	3674	506	32	32
1f477-1f3fd-200d-2642-fe0f	3710	506	32	32
1f477-1f3fe	3746	506	32	32
1f477-1f3fe-200d-2640-fe0f	3782	506	32	32
1f477-1f3fe-200d-2642-fe0f	3818	506	32	32
1f477-1f3ff	3854	506	32	32
1f477-1f3ff-200d-2640-fe0f	3890	506	32	32
1f477-1f3ff-200d-2642-fe0f	3926	506	32	32
1f477-200d-2640-fe0f	3962	506	32	32
1f477-200d-2642-fe0f	3998	506	32	32
1f478	4034	506	32	32
1f478-1f3fb	2	542	32	32
1f478-1f3fc	38	542	32	32
1f478-1f3fd	74	542	32	32
1f478-1f3fe	110	542	32	32
1f478-1f3ff	146	542	32	32
1f479	182	542	32	32
1f47a	218	542	32	32
1f47b	254	542	32	32
1f47c	290	542	32	32
1f47c-1f3fb	326	542	32	32
1f47c-1f3fc	362	542	32	32
1f47c-1f3fd	398	542	32	32
1f47c-1f3fe	434	542	32	32
1f47c-1f3ff	470	542	32	32
1f47d	506	542	32	32
1f47e	542	542	32	32
1f47f	578	542	32	32
1f480	614	542	32	32
1f481	650	542	32	32
1f481-1f3fb	686	542	32	32
1f481-1f3fb-200d-2640-fe0f	722	542	32	32
1f481-1f3fb-200d-2642-fe0f	758	542	32	32
1f481-1f3fc	794	542	32	32
1f481-1f3fc-200d-2640-fe0f	830	542	32	32
1f481-1f3fc-200d-2642-fe0f	866	542	32	32
1f481-1f3fd	902	542	32	32
1f481-1f3fd-200d-2640-fe0f	938	542	32	32
1f481-1f3fd-200d-2642-fe0f	974	542	32	32
1f481-1f3fe	1010	542	32	32
1f481-1f3fe-200d-2640-fe0f	1046	542	32	32
1f481-1f3fe-200d-2642-fe0f	1082	542	32	32
1f481-1f3ff	1118	542	32	32
1f481-1f3ff-200d-2640-fe0f	1154	542	32	32
1f481-1f3ff-200d-2642-fe0f	1190	542	32	32
1f481-200d-2640-fe0f	1226	542	32	32
1f481-200d-2642-fe0f	1262	542	32	32
1f482	1298	542	32	32
1f482-1f3fb	1334	542	32	32
1f482-1f3fb-200d-2640-fe0f	1370	542	32	32
1f482-1f3fb-200d-2642-fe0f	1406	542	32	32
1f482-1f3fc	1442	542	32	32
1f482-1f3fc-200d-2640-fe0f	1478	542	32	32
1f482-1f3fc-200d-2642-fe0f	1514	542	32	32
1f482-1f3fd	1550	542	32	32
1f482-1f3fd-200d-2640-fe0f	1586	542	32	32
1f482-1f3fd-200d-2642-fe0f	1622	542	32	32
1f482-1f3fe	1658	542	32	32
1f482-1f3fe-200d-2640-fe0f	1694	542	32	32
1f482-1f3fe-200d-2642-fe0f	1730	542	32	32
1f482-1f3ff	1766	542	32	32
1f482-1f3ff-200d-2640-fe0f	1802	542	32	32
1f482-1f3ff-200d-2642-fe0f	1838	542	32	32
1f482-200d-2640-fe0f	1874	542	32	32
1f482-200d-2642-fe0f	1910	542	32	32
1f483	1946	542	32	32
1f483-1f3fb	1982	542	32	32
1f483-1f3fc	2018	542	32	32
1f483-1f3fd	2054	542	32	32
1f483-1f3fe	2090	542	32	32
1f483-1f3ff	2126	542	32	32
1f484	2162	542	32	32
1f485	2198	542	32	32
1f485-1f3fb	2234	542	32	32
1f485-1f3fc	2270	542	32	32
1f485-1f3fd	2306	542	32	32
1f485-1f3fe	2342	542	32	32
1f485-1f3ff	2378	542	32	32
1f486	2414	542	32	32
1f486-1f3fb	2450	542	32	32
1f486-1f3fb-200d-2640-fe0f	2486	542	32	32
1f486-1f3fb-200d-2642-fe0f	2522	542	32	32
1f486-1f3fc	2558	542	32	32
1f486-1f3fc-200d-2640-fe0f	2594	542	32	32
1f486-1f3fc-200d-2642-fe0f	2630	542	32	32
1f486-1f3fd	2666	542	32	32
1f486-1f3fd-200d-2640-fe0f	2702	542	32	32
1f486-1f3fd-200d-2642-fe0f	2738	542	32	32
1f486-1f3fe	2774	542	32	32
1f486-1f3fe-200d-2640-fe0f	2810	542	32	32
1f486-1f3fe-200d-2642-fe0f	2846	542	32	32
1f486-1f3ff	2882	542	32	32
1f486-1f3ff-200d-2640-fe0f	2918	542	32	32
1f486-1f3ff-200d-2642-fe0f	2954	542	32	32
1f486-200d-2640-fe0f	2990	542	32	32
1f486-200d-2642-fe0f	3026	542	32	32
1f487	3062	542	32	32
1f487-1f3fb	3098	542	32	32
1f487-1f3fb-200d-2640-fe0f	3134	542	32	32
1f487-1f3fb-200d-2642-fe0f	3170	542	32	32
1f487-1f3fc	3206	542	32	32
1f487-1f3fc-200d-2640-fe0f	3242	542	32	32
1f487-1f3fc-200d-2642-fe0f	3278	542	32	32
1f487-1f3fd	3314	542	32	32
1f487-1f3fd-200d-2640-fe0f	3350	542	32	32
1f487-1f3fd-200d-2642-fe0f	3386	542	32	32
1f487-1f3fe	3422	542	32	32
1f487-1f3fe-200d-2640-fe0f	3458	542	32	32
1f487-1f3fe-200d-2642-fe0f	3494	542	32	32
1f487-1f3ff	3530	542	32	32
1f487-1f3ff-200d-2640-fe0f	3566	542	32	32
1f487-1f3ff-200d-2642-fe0f	3602	542	32	32
1f487-200d-2640-fe0f	3638	542	32	32
1f487-200d-2642-fe0f	3674	542	32	32
1f488	3710	542	32	32
1f489	3746	542	32	32
1f48a	3782	542	32	32
1f48b	3818	542	32	32
1f48c	3854	542	32	32
1f48d	3890	542	32	32
1f48e	3926	542	32	32
1f48f	3962	542	32	32
1f48f-1f3fb	3998	542	32	32
1f48f-1f3fc	4034	542	32	32
1f48f-1f3fd	2	578	32	32
1f48f-1f3fe	38	578	32	32
1f48f-1f3ff	74	578	32	32
1f490	110	578	32	32
1f491	146	578	32	32
1f491-1f3fb	182	578	32	32
1f491-1f3fc	218	578	32	32
1f491-1f3fd	254	578	32	32
1f491-1f3fe	290	578	32	32
1f491-1f3ff	326	578	32	32
1f492	362	578	32	32
1f493	398	578	32	32
1f494	434	578	32	32
1f495	470	578	32	32
1f496	506	578	32	32
1f497	542	578	32	32
1f498	578	578	32	32
1f499	614	578	32	32
1f49a	650	578	32	32
1f49b	686	578	32	32
1f49c	722	578	32	32
1f49d	758	578	32	32
1f49e	794	578	32	32
1f49f	830	578	32	32
1f4a0	866	578	32	32
1f4a1	902	578	32	32
1f4a2	938	578	32	32
1f4a3	974	578	32	32
1f4a4	1010	578	32	32
1f4a5	1046	578	32	32
1f4a6	1082	578	32	32
1f4a7	1118	578	32	32
1f4a8	1154	578	32	32
1f4a9	1190	578	32	32
1f4aa	1226	578	32	32
1f4aa-1f3fb	1262	578	32	32
1f4aa-1f3fc	1298	578	32	32
1f4aa-1f3fd	1334	578	32	32
1f4aa-1f3fe	1370	578	32	32
1f4aa-1f3ff	1406	578	32	32
1f4ab	1442	578	32	32
1f4ac	1478	578	32	32
1f4ad	1514	578	32	32
1f4ae	1550	578	32	32
1f4af	1586	578	32	32
1f4b0	1622	578	32	32
1f4b1	1658	578	32	32
1f4b2	1694	578	32	32
1f4b3	1730	578	32	32
1f4b4	1766	578	32	32
1f4b5	1802	578	32	32
1f4b6	1838	578	32	32
1f4b7	1874	578	32	32
1f4b8	1910	578	32	32
1f4b9	1946	578	32	32
1f4ba	1982	578	32	32
1f4bb	2018	578	32	32
1f4bc	2054	578	32	32
1f4bd	2090	578	32	32
1f4be	2126	578	32	32
1f4bf	2162	578	32	32
1f4c0	2198	578	32	32
1f4c1	2234	578	32	32
1f4c2	2270	578	32	32
1f4c3	2306	578	32	32
1f4c4	2342	578	32	32
1f4c5	2378	578	32	32
1f4c6	2414	578	32	32
1f4c7	2450	578	32	32
1f4c8	2486	578	32	32
1f4c9	2522	578	32	32
1f4ca	2558	578	32	32
1f4cb	2594	578	32	32
1f4cc	2630	578	32	32
1f4cd	2666	578	32	32
1f4ce	2702	578	32	32
1f4cf	2738	578	32	32
1f4d0	2774	578	32	32
1f4d1	2810	578	32	32
1f4d2	2846	578	32	32
1f4d3	2882	578	32	32
1f4d4	2918	578	32	32
1f4d5	2954	578	32	32
1f4d6	2990	578	32	32
1f4d7	3026	578	32	32
1f4d8	3062	578	32	32
1f4d9	3098	578	32	32
1f4da	3134	578	32	32
1f4db	3170	578	32	32
1f4dc	3206	578	32	32
1f4dd	3242	578	32	32
1f4de	3278	578	32	32
1f4df	3314	578	32	32
1f4e0	3350	578	32	32
1f4e1	3386	578	32	32
1f4e2	3422	578	32	32
1f4e3	3458	578	32	32
1f4e4	3494	578	32	32
1f4e5	3530	578	32	32
1f4e6	3566	578	32	32
1f4e7	3602	578	32	32
1f4e8	3638	578	32	32
1f4e9	3674	578	32	32
1f4ea	3710	578	32	32
1f4eb	3746	578	32	32
1f4ec	3782	578	32	32
1f4ed	3818	578	32	32
1f4ee	3854	578	32	32
1f4ef	3890	578	32	32
1f4f0	3926	578	32	32
1f4f1	3962	578	32	32
1f4f2	3998	578	32	32
1f4f3	4034	578	32	32
1f4f4	2	614	32	32
1f4f5	38	614	32	32
1f4f6	74	614	32	32
1f4f7	110	614	32	32
1f4f8	146	614	32	32
1f4f9	182	614	32	32
1f4fa	218	614	32	32
1f4fb	254	614	32	32
1f4fc	290	614	32	32
1f4fd	326	614	32	32
1f4ff	362	614	32	32
1f500	398	614	32	32
1f501	434	614	32	32
1f502	470	614	32	32
1f503	506	614	32	32
1f504	542	614	32	32
1f505	578	614	32	32
1f506	614	614	32	32
1f507	650	614	32	32
1f508	686	614	32	32
1f509	722	614	32	32
1f50a	758	614	32	32
1f50b	794	614	32	32
1f50c	830	614	32	32
1f50d	866	614	32	32
1f50e	902	614	32	32
1f50f	938	614	32	32
1f510	974	614	32	32
1f511	1010	614	32	32
1f512	1046	614	32	32
1f513	1082	614	32	32
1f514	1118	614	32	32
1f515	1154	614	32	32
1f516	1190	614	32	32
1f517	1226	614	32	32
1f518	1262	614	32	32
1f519	1298	614	32	32
1f51a	1334	614	32	32
1f51b	1370	614	32	32
1f51c	1406	614	32	32
1f51d	1442	614	32	32
1f51e	1478	614	32	32
1f51f	1514	614	32	32
1f520	1550	614	32	32
1f521	1586	614	32	32
1f522	1622	614	32	32
1f523	1658	614	32	32
1f524	1694	614	32	32
1f525	1730	614	32	32
1f526	1766	614	32	32
1f527	1802	614	32	32
1f528	1838	614	32	32
1f529	1874	614	32	32
1f52a	1910	614	32	32
1f52b	1946	614	32	32
1f52c	1982	614	32	32
1f52d	2018	614	32	32
1f52e	2054	614	32	32
1f52f	2090	614	32	32
1f530	2126	614	32	32
1f531	2162	614	32	32
1f532	2198	614	32	32
1f533	2234	614	32	32
1f534	2270	614	32	32
1f535	2306	614	32	32
1f536	2342	614	32	32
1f537	2378	614	32	32
1f538	2414	614	32	32
1f539	2450	614	32	32
1f53a	2486	614	32	32
1f53b	2522	614	32	32
1f53c	2558	614	32	32
1f53d	2594	614	32	32
1f549	2630	614	32	32
1f54a	2666	614	32	32
1f54b	2702	614	32	32
1f54c	2738	614	32	32
1f54d	2774	614	32	32
1f54e	2810	614	32	32
1f550	2846	614	32	32
1f551	2882	614	32	32
1f552	2918	614	32	32
1f553	2954	614	32	32
1f554	2990	614	32	32
1f555	3026	614	32	32
1f556	3062	614	32	32
1f557	3098	614	32	32
1f558	3134	614	32	32
1f559	3170	614	32	32
1f55a	3206	614	32	32
1f55b	3242	614	32	32
1f55c	3278	614	32	32
1f55d	3314	614	32	32
1f55e	3350	614	32	32
1f55f	3386	614	32	32
1f560	3422	614	32	32
1f561	3458	614	32	32
1f562	3494	614	32	32
1f563	3530	614	32	32
1f564	3566	614	32	32
1f565	3602	614	32	32
1f566	3638	614	32	32
1f567	3674	614	32	32
1f56f	3710	614	32	32
1f570	3746	614	32	32
1f573	3782	614	32	32
1f574	3818	614	32	32
1f574-1f3fb	3854	614	32	32
1f574-1f3fb-200d-2640-fe0f	3890	614	32	32
1f574-1f3fb-200d-2642-fe0f	3926	614	32	32
1f574-1f3fc	3962	614	32	32
1f574-1f3fc-200d-2640-fe0f	3998	614	32	32
1f574-1f3fc-200d-2642-fe0f	4034	614	32	32
1f574-1f3fd	2	650	32	32
1f574-1f3fd-200d-2640-fe0f	38	650	32	32
1f574-1f3fd-200d-2642-fe0f	74	650	32	32
1f574-1f3fe	110	650	32	32
1f574-1f3fe-200d-2640-fe0f	146	650	32	32
1f574-1f3fe-200d-2642-fe0f	182	650	32	32
1f574-1f3ff	218	650	32	32
1f574-1f3ff-200d-2640-fe0f	254	650	32	32
1f574-1f3ff-200d-2642-fe0f	290	650	32	32
1f574-fe0f-200d-2640-fe0f	326	650	32	32
1f574-fe0f-200d-2642-fe0f	362	650	32	32
1f575	398	650	32	32
1f575-1f3fb	434	650	32	32
1f575-1f3fb-200d-2640-fe0f	470	650	32	32
1f575-1f3fb-200d-2642-fe0f	506	650	32	32
1f575-1f3fc	542	650	32	32
1f575-1f3fc-200d-2640-fe0f	578	650	32	32
1f575-1f3fc-200d-2642-fe0f	614	650	32	32
1f575-1f3fd	650	650	32	32
1f575-1f3fd-200d-2640-fe0f	686	650	32	32
1f575-1f3fd-200d-2642-fe0f	722	650	32	32
1f575-1f3fe	758	650	32	32
1f575-1f3fe-200d-2640-fe0f	794	650	32	32
1f575-1f3fe-200d-2642-fe0f	830	650	32	32
1f575-1f3ff	866	650	32	32
1f575-1f3ff-200d-2640-fe0f	902	650	32	32
1f575-1f3ff-200d-2642-fe0f	938	650	32	32
1f575-fe0f-200d-2640-fe0f	974	650	32	32
1f575-fe0f-200d-2642-fe0f	1010	650	32	32
1f576	1046	650	32	32
1f577	1082	650	32	32
1f578	1118	650	32	32
1f579	1154	650	32	32
1f57a	1190	650	32	32
1f57a-1f3fb	1226	650	32	32
1f57a-1f3fc	1262	650	32	32
1f57a-1f3fd	1298	650	32	32
1f57a-1f3fe	1334	650	32	32
1f57a-1f3ff	1370	650	32	32
1f587	1406	650	32	32
1f58a	1442	650	32	32
1f58b	1478	650	32	32
1f58c	1514	650	32	32
1f58d	1550	650	32	32
1f590	1586	650	32	32
1f590-1f3fb	1622	650	32	32
1f590-1f3fc	1658	650	32	32
1f590-1f3fd	1694	650	32	32
1f590-1f3fe	1730	650	32	32
1f590-1f3ff	1766	650	32	32
1f595	1802	650	32	32
1f595-1f3fb	1838	650	32	32
1f595-1f3fc	1874	650	32	32
1f595-1f3fd	1910	650	32	32
1f595-1f3fe	1946	650	32	32
1f595-1f3ff	1982	650	32	32
1f596	2018	650	32	32
1f596-1f3fb	2054	650	32	32
1f596-1f3fc	2090	650	32	32
1f596-1f3fd	2126	650	32	32
1f596-1f3fe	2162	650	32	32
1f596-1f3ff	2198	650	32	32
1f5a4	2234	650	32	32
1f5a5	2270	650	32	32
1f5a8	2306	650	32	32
1f5b1	2342	650	32	32
1f5b2	2378	650	32	32
1f5bc	2414	650	32	32
1f5c2	2450	650	32	32
1f5c3	2486	650	32	32
1f5c4	2522	650	32	32
1f5d1	2558	650	32	32
1f5d2	2594	650	32	32
1f5d3	2630	650	32	32
1f5dc	2666	650	32	32
1f5dd	2702	650	32	32
1f5de	2738	650	32	32
1f5e1	2774	650	32	32
1f5e3	2810	650	32	32
1f5e8	2846	650	32	32
1f5ef	2882	650	32	32
1f5f3	2918	650	32	32
1f5fa	2954	650	32	32
1f5fb	2990	650	32	32
1f5fc	3026	650	32	32
1f5fd	3062	650	32	32
1f5fe	3098	650	32	32
1f5ff	3134	650	32	32
1f600	3170	650	32	32
1f601	3206	650	32	32
1f602	3242	650	32	32
1f603	3278	650	32	32
1f604	3314	650	32	32
1f605	3350	650	32	32
1f606	3386	650	32	32
1f607	3422	650	32	32
1f608	3458	650	32	32
1f609	3494	650	32	32
1f60a	3530	650	32	32
1f60b	3566	650	32	32
1f60c	3602	650	32	32
1f60d	3638	650	32	32
1f60e	3674	650	32	32
1f60f	3710	650	32	32
1f610	3746	650	32	32
1f611	3782	650	32	32
1f612	3818	650	32	32
1f613	3854	650	32	32
1f614	3890	650	32	32
1f615	3926	650	32	32
1f616	3962	650	32	32
1f617	3998	650	32	32
1f618	4034	650	32	32
1f619	2	686	32	32
1f61a	38	686	32	32
1f61b	74	686	32	32
1f61c	110	686	32	32
1f61d	146	686	32	32
1f61e	182	686	32	32
1f61f	218	686	32	32
1f620	254	686	32	32
1f621	290	686	32	32
1f622	326	686	32	32
1f623	362	686	32	32
1f624	398	686	32	32
1f625	434	686	32	32
1f626	470	686	32	32
1f627	506	686	32	32
1f628	542	686	32	32
1f629	578	686	32	32
1f62a	614	686	32	32
1f62b	650	686	32	32
1f62c	686	686	32	32
1f62d	722	686	32	32
1f62e	758	686	32	32
1f62e-200d-1f4a8	794	686	32	32
1f62f	830	686	32	32
1f630	866	686	32	32
1f631	902	686	32	32
1f632	938	686	32	32
1f633	974	686	32	32
1f634	1010	686	32	32
1f635	1046	686	32	32
1f635-200d-1f4ab	1082	686	32	32
1f636	1118	686	32	32
1f636-200d-1f32b-fe0f	1154	686	32	32
1f637	1190	686	32	32
1f638	1226	686	32	32
1f639	1262	686	32	32
1f63a	1298	686	32	32
1f63b	1334	686	32	32
1f63c	1370	686	32	32
1f63d	1406	686	32	32
1f63e	1442	686	32	32
1f63f	1478	686	32	32
1f640	1514	686	32	32
1f641	1550	686	32	32
1f642	1586	686	32	32
1f642-200d-2194-fe0f	1622	686	32	32
1f642-200d-2195-fe0f	1658	686	32	32
1f643	1694	686	32	32
1f644	1730	686	32	32
1f645	1766	686	32	32
1f645-1f3fb	1802	686	32	32
1f645-1f3fb-200d-2640-fe0f	1838	686	32	32
1f645-1f3fb-200d-2642-fe0f	1874	686	32	32
1f645-1f3fc	1910	686	32	32
1f645-1f3fc-200d-2640-fe0f	1946	686	32	32
1f645-1f3fc-200d-2642-fe0f	1982	686	32	32
1f645-1f3fd	2018	686	32	32
1f645-1f3fd-200d-2640-fe0f	2054	686	32	32
1f645-1f3fd-200d-2642-fe0f	2090	686	32	32
1f645-1f3fe	2126	686	32	32
1f645-1f3fe-200d-2640-fe0f	2162	686	32	32
1f645-1f3fe-200d-2642-fe0f	2198	686	32	32
1f645-1f3ff	2234	686	32	32
1f645-1f3ff-200d-2640-fe0f	2270	686	32	32
1f645-1f3ff-200d-2642-fe0f	2306	686	32	32
1f645-200d-2640-fe0f	2342	686	32	32
1f645-200d-2642-fe0f	2378	686	32	32
1f646	2414	686	32	32
1f646-1f3fb	2450	686	32	32
1f646-1f3fb-200d-2640-fe0f	2486	686	32	32
1f646-1f3fb-200d-2642-fe0f	2522	686	32	32
1f646-1f3fc	2558	686	32	32
1f646-1f3fc-200d-2640-fe0f	2594	686	32	32
1f646-1f3fc-200d-2642-fe0f	2630	686	32	32
1f646-1f3fd	2666	686	32	32
1f646-1f3fd-200d-2640-fe0f	2702	686	32	32
1f646-1f3fd-200d-2642-fe0f	2738	686	32	32
1f646-1f3fe	2774	686	32	32
1f646-1f3fe-200d-2640-fe0f	2810	686	32	32
1f646-1f3fe-200d-2642-fe0f	2846	686	32	32
1f646-1f3ff	2882	686	32	32
1f646-1f3ff-200d-2640-fe0f	2918	686	32	32
1f646-1f3ff-200d-2642-fe0f	2954	686	32	32
1f646-200d-2640-fe0f	2990	686	32	32
1f646-200d-2642-fe0f	3026	686	32	32
1f647	3062	686	32	32
1f647-1f3fb	3098	686	32	32
1f647-1f3fb-200d-2640-fe0f	3134	686	32	32
1f647-1f3fb-200d-2642-fe0f	3170	686	32	32
1f647-1f3fc	3206	686	32	32
1f647-1f3fc-200d-2640-fe0f	3242	686	32	32
1f647-1f3fc-200d-2642-fe0f	3278	686	32	32
1f647-1f3fd	3314	686	32	32
1f647-1f3fd-200d-2640-fe0f	3350	686	32	32
1f647-1f3fd-200d-2642-fe0f	3386	686	32	32
1f647-1f3fe	3422	686	32	32
1f647-1f3fe-200d-2640-fe0f	3458	686	32	32
1f647-1f3fe-200d-2642-fe0f	3494	686	32	32
1f647-1f3ff	3530	686	32	32
1f647-1f3ff-200d-2640-fe0f	3566	686	32	32
1f647-1f3ff-200d-2642-fe0f	3602	686	32	32
1f647-200d-2640-fe0f	3638	686	32	32
1f647-200d-2642-fe0f	3674	686	32	32
1f648	3710	686	32	32
1f649	3746	686	32	32
1f64a	3782	686	32	32
1f64b	3818	686	32	32
1f64b-1f3fb	3854	686	32	32
1f64b-1f3fb-200d-2640-fe0f	3890	686	32	32
1f64b-1f3fb-200d-2642-fe0f	3926	686	32	32
1f64b-1f3fc	3962	686	32	32
1f64b-1f3fc-200d-2640-fe0f	3998	686	32	32
1f64b-1f3fc-200d-2642-fe0f	4034	686	32	32
1f64b-1f3fd	2	722	32	32
1f64b-1f3fd-200d-2640-fe0f	38	722	32	32
1f64b-1f3fd-200d-2642-fe0f	74	722	32	32
1f64b-1f3fe	110	722	32	32
1f64b-1f3fe-200d-2640-fe0f	146	722	32	32
1f64b-1f3fe-200d-2642-fe0f	182	722	32	32
1f64b-1f3ff	218	722	32	32
1f64b-1f3ff-200d-2640-fe0f	254	722	32	32
1f64b-1f3ff-200d-2642-fe0f	290	722	32	32
1f64b-200d-2640-fe0f	326	722	32	32
1f64b-200d-2642-fe0f	362	722	32	32
1f64c	398	722	32	32
1f64c-1f3fb	434	722	32	32
1f64c-1f3fc	470	722	32	32
1f64c-1f3fd	506	722	32	32
1f64c-1f3fe	542	722	32	32
1f64c-1f3ff	578	722	32	32
1f64d	614	722	32	32
1f64d-1f3fb	650	722	32	32
1f64d-1f3fb-200d-2640-fe0f	686	722	32	32
1f64d-1f3fb-200d-2642-fe0f	722	722	32	32
1f64d-1f3fc	758	722	32	32
1f64d-1f3fc-200d-2640-fe0f	794	722	32	32
1f64d-1f3fc-200d-2642-fe0f	830	722	32	32
1f64d-1f3fd	866	722	32	32
1f64d-1f3fd-200d-2640-fe0f	902	722	32	32
1f64d-1f3fd-200d-2642-fe0f	938	722	32	32
1f64d-1f3fe	974	722	32	32
1f64d-1f3fe-200d-2640-fe0f	1010	722	32	32
1f64d-1f3fe-200d-2642-fe0f	1046	722	32	32
1f64d-1f3ff	1082	722	32	32
1f64d-1f3ff-200d-2640-fe0f	1118	722	32	32
1f64d-1f3ff-200d-2642-fe0f	1154	722	32	32
1f64d-200d-2640-fe0f	1190	722	32	32
1f64d-200d-2642-fe0f	1226	722	32	32
1f64e	1262	722	32	32
1f64e-1f3fb	1298	722	32	32
1f64e-1f3fb-200d-2640-fe0f	1334	722	32	32
1f64e-1f3fb-200d-2642-fe0f	1370	722	32	32
1f64e-1f3fc	1406	722	32	32
1f64e-1f3fc-200d-2640-fe0f	1442	722	32	32
1f64e-1f3fc-200d-2642-fe0f	1478	722	32	32
1f64e-1f3fd	1514	722	32	32
1f64e-1f3fd-200d-2640-fe0f	1550	722	32	32
1f64e-1f3fd-200d-2642-fe0f	1586	722	32	32
1f64e-1f3fe	1622	722	32	32
1f64e-1f3fe-200d-2640-fe0f	1658	722	32	32
1f64e-1f3fe-200d-2642-fe0f	1694	722	32	32
1f64e-1f3ff	1730	722	32	32
1f64e-1f3ff-200d-2640-fe0f	1766	722	32	32
1f64e-1f3ff-200d-2642-fe0f	1802	722	32	32
1f64e-200d-2640-fe0f	1838	722	32	32
1f64e-200d-2642-fe0f	1874	722	32	32
1f64f	1910	722	32	32
1f64f-1f3fb	1946	722	32	32
1f64f-1f3fc	1982	722	32	32
1f64f-1f3fd	2018	722	32	32
1f64f-1f3fe	2054	722	32	32
1f64f-1f3ff	2090	722	32	32
1f680	2126	722	32	32
1f681	2162	722	32	32
1f682	2198	722	32	32
1f683	2234	722	32	32
1f684	2270	722	32	32
1f685	2306	722	32	32
1f686	2342	722	32	32
1f687	2378	722	32	32
1f688	2414	722	32	32
1f689	2450	722	32	32
1f68a	2486	722	32	32
1f68b	2522	722	32	32
1f68c	2558	722	32	32
1f68d	2594	722	32	32
1f68e	2630	722	32	32
1f68f	2666	722	32	32
1f690	2702	722	32	32
1f691	2738	722	32	32
1f692	2774	722	32	32
1f693	2810	722	32	32
1f694	2846	722	32	32
1f695	2882	722	32	32
1f696	2918	722	32	32
1f697	2954	722	32	32
1f698	2990	722	32	32
1f699	3026	722	32	32
1f69a	3062	722	32	32
1f69b	3098	722	32	32
1f69c	3134	722	32	32
1f69d	3170	722	32	32
1f69e	3206	722	32	32
1f69f	3242	722	32	32
1f6a0	3278	722	32	32
1f6a1	3314	722	32	32
1f6a2	3350	722	32	32
1f6a3	3386	722	32	32
1f6a3-1f3fb	3422	722	32	32
1f6a3-1f3fb-200d-2640-fe0f	3458	722	32	32
1f6a3-1f3fb-200d-2642-fe0f	3494	722	32	32
1f6a3-1f3fc	3530	722	32	32
1f6a3-1f3fc-200d-2640-fe0f	3566	722	32	32
1f6a3-1f3fc-200d-2642-fe0f	3602	722	32	32
1f6a3-1f3fd	3638	722	32	32
1f6a3-1f3fd-200d-2640-fe0f	3674	722	32	32
1f6a3-1f3fd-200d-2642-fe0f	3710	722	32	32
1f6a3-1f3fe	3746	722	32	32
1f6a3-1f3fe-200d-2640-fe0f	3782	722	32	32
1f6a3-1f3fe-200d-2642-fe0f	3818	722	32	32
1f6a3-1f3ff	3854	722	32	32
1f6a3-1f3ff-200d-2640-fe0f	3890	722	32	32
1f6a3-1f3ff-200d-2642-fe0f	3926	722	32	32
1f6a3-200d-2640-fe0f	3962	722	32	32
1f6a3-200d-2642-fe0f	3998	722	32	32
1f6a4	4034	722	32	32
1f6a5	2	758	32	32
1f6a6	38	758	32	32
1f6a7	74	758	32	32
1f6a8	110	758	32	32
1f6a9	146	758	32	32
1f6aa	182	758	32	32
1f6ab	218	758	32	32
1f6ac	254	758	32	32
1f6ad	290	758	32	32
1f6ae	326	758	32	32
1f6af	362	758	32	32
1f6b0	398	758	32	32
1f6b1	434	758	32	32
1f6b2	470	758	32	32
1f6b3	506	758	32	32
1f6b4	542	758	32	32
1f6b4-1f3fb	578	758	32	32
1f6b4-1f3fb-200d-2640-fe0f	614	758	32	32
1f6b4-1f3fb-200d-2642-fe0f	650	758	32	32
1f6b4-1f3fc	686	758	32	32
1f6b4-1f3fc-200d-2640-fe0f	722	758	32	32
1f6b4-1f3fc-200d-2642-fe0f	758	758	32	32
1f6b4-1f3fd	794	758	32	32
1f6b4-1f3fd-200d-2640-fe0f	830	758	32	32
1f6b4-1f3fd-200d-2642-fe0f	866	758	32	32
1f6b4-1f3fe	902	758	32	32
1f6b4-1f3fe-200d-2640-fe0f	938	758	32	32
1f6b4-1f3fe-200d-2642-fe0f	974	758	32	32
1f6b4-1f3ff	1010	758	32	32
1f6b4-1f3ff-200d-2640-fe0f	1046	758	32	32
1f6b4-1f3ff-200d-2642-fe0f	1082	758	32	32
1f6b4-200d-2640-fe0f	1118	758	32	32
1f6b4-200d-2642-fe0f	1154	758	32	32
1f6b5	1190	758	32	32
1f6b5-1f3fb	1226	758	32	32
1f6b5-1f3fb-200d-2640-fe0f	1262	758	32	32
1f6b5-1f3fb-200d-2642-fe0f	1298	758	32	32
1f6b5-1f3fc	1334	758	32	32
1f6b5-1f3fc-200d-2640-fe0f	1370	758	32	32
1f6b5-1f3fc-200d-2642-fe0f	1406	758	32	32
1f6b5-1f3fd	1442	758	32	32
1f6b5-1f3fd-200d-2640-fe0f	1478	758	32	32
1f6b5-1f3fd-200d-2642-fe0f	1514	758	32	32
1f6b5-1f3fe	1550	758	32	32
1f6b5-1f3fe-200d-2640-fe0f	1586	758	32	32
1f6b5-1f3fe-200d-2642-fe0f	1622	758	32	32
1f6b5-1f3ff	1658	758	32	32
1f6b5-1f3ff-200d-2640-fe0f	1694	758	32	32
1f6b5-1f3ff-200d-2642-fe0f	1730	758	32	32
1f6b5-200d-2640-fe0f	1766	758	32	32
1f6b5-200d-2642-fe0f	1802	758	32	32
1f6b6	1838	758	32	32
1f6b6-1f3fb	1874	758	32	32
1f6b6-1f3fb-200d-2640-fe0f	1910	758	32	32
1f6b6-1f3fb-200d-2640-fe0f-200d-27a1-fe0f	1946	758	32	32
1f6b6-1f3fb-200d-2642-fe0f	1982	758	32	32
1f6b6-1f3fb-200d-2642-fe0f-200d-27a1-fe0f	2018	758	32	32
1f6b6-1f3fb-200d-27a1-fe0f	2054	758	32	32
1f6b6-1f3fc	2090	758	32	32
1f6b6-1f3fc-200d-2640-fe0f	2126	758	32	32
1f6b6-1f3fc-200d-2640-fe0f-200d-27a1-fe0f	2162	758	32	32
1f6b6-1f3fc-200d-2642-fe0f	2198	758	32	32
1f6b6-1f3fc-200d-2642-fe0f-200d-27a1-fe0f	2234	758	32	32
1f6b6-1f3fc-200d-27a1-fe0f	2270	758	32	32
1f6b6-1f3fd	2306	758	32	32
1f6b6-1f3fd-200d-2640-fe0f	2342	758	32	32
1f6b6-1f3fd-200d-2640-fe0f-200d-27a1-fe0f	2378	758	32	32
1f6b6-1f3fd-200d-2642-fe0f	2414	758	32	32
1f6b6-1f3fd-200d-2642-fe0f-200d-27a1-fe0f	2450	758	32	32
1f6b6-1f3fd-200d-27a1-fe0f	2486	758	32	32
1f6b6-1f3fe	2522	758	32	32
1f6b6-1f3fe-200d-2640-fe0f	2558	758	32	32
1f6b6-1f3fe-200d-2640-fe0f-200d-27a1-fe0f	2594	758	32	32
1f6b6-1f3fe-200d-2642-fe0f	2630	758	32	32
1f6b6-1f3fe-200d-2642-fe0f-200d-27a1-fe0f	2666	758	32	32
1f6b6-1f3fe-200d-27a1-fe0f	2702	758	32	32
1f6b6-1f3ff	2738	758	32	32
1f6b6-1f3ff-200d-2640-fe0f	2774	758	32	32
1f6b6-1f3ff-200d-2640-fe0f-200d-27a1-fe0f	2810	758	32	32
1f6b6-1f3ff-200d-2642-fe0f	2846	758	32	32
1f6b6-1f3ff-200d-2642-fe0f-200d-27a1-fe0f	2882	758	32	32
1f6b6-1f3ff-200d-27a1-fe0f	2918	758	32	32
1f6b6-200d-2640-fe0f	2954	758	32	32
1f6b6-200d-2640-fe0f-200d-27a1-fe0f	2990	758	32	32
1f6b6-200d-2642-fe0f	3026	758	32	32
1f6b6-200d-2642-fe0f-200d-27a1-fe0f	3062	758	32	32
1f6b6-200d-27a1-fe0f	3098	758	32	32
1f6b7	3134	758	32	32
1f6b8	3170	758	32	32
1f6b9	3206	758	32	32
1f6ba	3242	758	32	32
1f6bb	3278	758	32	32
1f6bc	3314	758	32	32
1f6bd	3350	758	32	32
1f6be	3386	758	32	32
1f6bf	3422	758	32	32
1f6c0	3458	758	32	32
1f6c0-1f3fb	3494	758	32	32
1f6c0-1f3fc	3530	758	32	32
1f6c0-1f3fd	3566	758	32	32
1f6c0-1f3fe	3602	758	32	32
1f6c0-1f3ff	3638	758	32	32
1f6c1	3674	758	32	32
1f6c2	3710	758	32	32
1f6c3	3746	758	32	32
1f6c4	3782	758	32	32
1f6c5	3818	758	32	32
1f6cb	3854	758	32	32
1f6cc	3890	758	32	32
1f6cc-1f3fb	3926	758	32	32
1f6cc-1f3fc	3962	758	32	32
1f6cc-1f3fd	3998	758	32	32
1f6cc-1f3fe	4034	758	32	32
1f6cc-1f3ff	2	794	32	32
1f6cd	38	794	32	32
1f6ce	74	794	32	32
1f6cf	110	794	32	32
1f6d0	146	794	32	32
1f6d1	182	794	32	32
1f6d2	218	794	32	32
1f6d5	254	794	32	32
1f6d6	290	794	32	32
1f6d7	326	794	32	32
1f6d8	362	794	32	32
1f6dc	398	794	32	32
1f6dd	434	794	32	32
1f6de	470	794	32	32
1f6df	506	794	32	32
1f6e0	542	794	32	32
1f6e1	578	794	32	32
1f6e2	614	794	32	32
1f6e3	650	794	32	32
1f6e4	686	794	32	32
1f6e5	722	794	32	32
1f6e9	758	794	32	32
1f6eb	794	794	32	32
1f6ec	830	794	32	32
1f6f0	866	794	32	32
1f6f3	902	794	32	32
1f6f4	938	794	32	32
1f6f5	974	794	32	32
1f6f6	1010	794	32	32
1f6f7	1046	794	32	32
1f6f8	1082	794	32	32
1f6f9	1118	794	32	32
1f6fa	1154	794	32	32
1f6fb	1190	794	32	32
1f6fc	1226	794	32	32
1f7e0	1262	794	32	32
1f7e1	1298	794	32	32
1f7e2	1334	794	32	32
1f7e3	1370	794	32	32
1f7e4	1406	794	32	32
1f7e5	1442	794	32	32
1f7e6	1478	794	32	32
1f7e7	1514	794	32	32
1f7e8	1550	794	32	32
1f7e9	1586	794	32	32
1f7ea	1622	794	32	32
1f7eb	1658	794	32	32
1f7f0	1694	794	32	32
1f90c	1730	794	32	32
1f90c-1f3fb	1766	794	32	32
1f90c-1f3fc	1802	794	32	32
1f90c-1f3fd	1838	794	32	32
1f90c-1f3fe	1874	794	32	32
1f90c-1f3ff	1910	794	32	32
1f90d	1946	794	32	32
1f90e	1982	794	32	32
1f90f	2018	794	32	32
1f90f-1f3fb	2054	794	32	32
1f90f-1f3fc	2090	794	32	32
1f90f-1f3fd	2126	794	32	32
1f90f-1f3fe	2162	794	32	32
1f90f-1f3ff	2198	794	32	32
1f910	2234	794	32	32
1f911	2270	794	32	32
1f912	2306	794	32	32
1f913	2342	794	32	32
1f914	2378	794	32	32
1f915	2414	794	32	32
1f916	2450	794	32	32
1f917	2486	794	32	32
1f918	2522	794	32	32
1f918-1f3fb	2558	794	32	32
1f918-1f3fc	2594	794	32	32
1f918-1f3fd	2630	794	32	32
1f918-1f3fe	2666	794	32	32
1f918-1f3ff	2702	794	32	32
1f919	2738	794	32	32
1f919-1f3fb	2774	794	32	32
1f919-1f3fc	2810	794	32	32
1f919-1f3fd	2846	794	32	32
1f919-1f3fe	2882	794	32	32
1f919-1f3ff	2918	794	32	32
1f91a	2954	794	32	32
1f91a-1f3fb	2990	794	32	32
1f91a-1f3fc	3026	794	32	32
1f91a-1f3fd	3062	794	32	32
1f91a-1f3fe	3098	794	32	32
1f91a-1f3ff	3134	794	32	32
1f91b	3170	794	32	32
1f91b-1f3fb	3206	794	32	32
1f91b-1f3fc	3242	794	32	32
1f91b-1f3fd	3278	794	32	32
1f91b-1f3fe	3314	794	32	32
1f91b-1f3ff	3350	794	32	32
1f91c	3386	794	32	32
1f91c-1f3fb	3422	794	32	32
1f91c-1f3fc	3458	794	32	32
1f91c-1f3fd	3494	794	32	32
1f91c-1f3fe	3530	794	32	32
1f91c-1f3ff	3566	794	32	32
1f91d	3602	794	32	32
1f91d-1f3fb	3638	794	32	32
1f91d-1f3fc	3674	794	32	32
1f91d-1f3fd	3710	794	32	32
1f91d-1f3fe	3746	794	32	32
1f91d-1f3ff	3782	794	32	32
1f91e	3818	794	32	32
1f91e-1f3fb	3854	794	32	32
1f91e-1f3fc	3890	794	32	32
1f91e-1f3fd	3926	794	32	32
1f91e-1f3fe	3962	794	32	32
1f91e-1f3ff	3998	794	32	32
1f91f	4034	794	32	32
1f91f-1f3fb	2	830	32	32
1f91f-1f3fc	38	830	32	32
1f91f-1f3fd	74	830	32	32
1f91f-1f3fe	110	830	32	32
1f91f-1f3ff	146	830	32	32
1f920	182	830	32	32
1f921	218	830	32	32
1f922	254	830	32	32
1f923	290	830	32	32
1f924	326	830	32	32
1f925	362	830	32	32
1f926	398	830	32	32
1f926-1f3fb	434	830	32	32
1f926-1f3fb-200d-2640-fe0f	470	830	32	32
1f926-1f3fb-200d-2642-fe0f	506	830	32	32
1f926-1f3fc	542	830	32	32
1f926-1f3fc-200d-2640-fe0f	578	830	32	32
1f926-1f3fc-200d-2642-fe0f	614	830	32	32
1f926-1f3fd	650	830	32	32
1f926-1f3fd-200d-2640-fe0f	686	830	32	32
1f926-1f3fd-200d-2642-fe0f	722	830	32	32
1f926-1f3fe	758	830	32	32
1f926-1f3fe-200d-2640-fe0f	794	830	32	32
1f926-1f3fe-200d-2642-fe0f	830	830	32	32
1f926-1f3ff	866	830	32	32
1f926-1f3ff-200d-2640-fe0f	902	830	32	32
1f926-1f3ff-200d-2642-fe0f	938	830	32	32
1f926-200d-2640-fe0f	974	830	32	32
1f926-200d-2642-fe0f	1010	830	32	32
1f927	1046	830	32	32
1f928	1082	830	32	32
1f929	1118	830	32	32
1f92a	1154	830	32	32
1f92b	1190	830	32	32
1f92c	1226	830	32	32
1f92d	1262	830	32	32
1f92e	1298	830	32	32
1f92f	1334	830	32	32
1f930	1370	830	32	32
1f930-1f3fb	1406	830	32	32
1f930-1f3fc	1442	830	32	32
1f930-1f3fd	1478	830	32	32
1f930-1f3fe	1514	830	32	32
1f930-1f3ff	1550	830	32	32
1f931	1586	830	32	32
1f931-1f3fb	1622	830	32	32
1f931-1f3fc	1658	830	32	32
1f931-1f3fd	1694	830	32	32
1f931-1f3fe	1730	830	32	32
1f931-1f3ff	1766	830	32	32
1f932	1802	830	32	32
1f932-1f3fb	1838	830	32	32
1f932-1f3fc	1874	830	32	32
1f932-1f3fd	1910	830	32	32
1f932-1f3fe	1946	830	32	32
1f932-1f3ff	1982	830	32	32
1f933	2018	830	32	32
1f933-1f3fb	2054	830	32	32
1f933-1f3fc	2090	830	32	32
1f933-1f3fd	2126	830	32	32
1f933-1f3fe	2162	830	32	32
1f933-1f3ff	2198	830	32	32
1f934	2234	830	32	32
1f934-1f3fb	2270	830	32	32
1f934-1f3fc	2306	830	32	32
1f934-1f3fd	2342	830	32	32
1f934-1f3fe	2378	830	32	32
1f934-1f3ff	2414	830	32	32
1f935	2450	830	32	32
1f935-1f3fb	2486	830	32	32
1f935-1f3fb-200d-2640-fe0f	2522	830	32	32
1f935-1f3fb-200d-2642-fe0f	2558	830	32	32
1f935-1f3fc	2594	830	32	32
1f935-1f3fc-200d-2640-fe0f	2630	830	32	32
1f935-1f3fc-200d-2642-fe0f	2666	830	32	32
1f935-1f3fd	2702	830	32	32
1f935-1f3fd-200d-2640-fe0f	2738	830	32	32
1f935-1f3fd-200d-2642-fe0f	2774	830	32	32
1f935-1f3fe	2810	830	32	32
1f935-1f3fe-200d-2640-fe0f	2846	830	32	32
1f935-1f3fe-200d-2642-fe0f	2882	830	32	32
1f935-1f3ff	2918	830	32	32
1f935-1f3ff-200d-2640-fe0f	2954	830	32	32
1f935-1f3ff-200d-2642-fe0f	2990	830	32	32
1f935-200d-2640-fe0f	3026	830	32	32
1f935-200d-2642-fe0f	3062	830	32	32
1f936	3098	830	32	32
1f936-1f3fb	3134	830	32	32
1f936-1f3fc	3170	830	32	32
1f936-1f3fd	3206	830	32	32
1f936-1f3fe	3242	830	32	32
1f936-1f3ff	3278	830	32	32
1f937	3314	830	32	32
1f937-1f3fb	3350	830	32	32
1f937-1f3fb-200d-2640-fe0f	3386	830	32	32
1f937-1f3fb-200d-2642-fe0f	3422	830	32	32
1f937-1f3fc	3458	830	32	32
1f937-1f3fc-200d-2640-fe0f	3494	830	32	32
1f937-1f3fc-200d-2642-fe0f	3530	830	32	32
1f937-1f3fd	3566	830	32	32
1f937-1f3fd-200d-2640-fe0f	3602	830	32	32
1f937-1f3fd-200d-2642-fe0f	3638	830	32	32
1f937-1f3fe	3674	830	32	32
1f937-1f3fe-200d-2640-fe0f	3710	830	32	32
1f937-1f3fe-200d-2642-fe0f	3746	830	32	32
1f937-1f3ff	3782	830	32	32
1f937-1f3ff-200d-2640-fe0f	3818	830	32	32
1f937-1f3ff-200d-2642-fe0f	3854	830	32	32
1f937-200d-2640-fe0f	3890	830	32	32
1f937-200d-2642-fe0f	3926	830	32	32
1f938	3962	830	32	32
1f938-1f3fb	3998	830	32	32
1f938-1f3fb-200d-2640-fe0f	4034	830	32	32
1f938-1f3fb-200d-2642-fe0f	2	866	32	32
1f938-1f3fc	38	866	32	32
1f938-1f3fc-200d-2640-fe0f	74	866	32	32
1f938-1f3fc-200d-2642-fe0f	110	866	32	32
1f938-1f3fd	146	866	32	32
1f938-1f3fd-200d-2640-fe0f	182	866	32	32
1f938-1f3fd-200d-2642-fe0f	218	866	32	32
1f938-1f3fe	254	866	32	32
1f938-1f3fe-200d-2640-fe0f	290	866	32	32
1f938-1f3fe-200d-2642-fe0f	326	866	32	32
1f938-1f3ff	362	866	32	32
1f938-1f3ff-200d-2640-fe0f	398	866	32	32
1f938-1f3ff-200d-2642-fe0f	434	866	32	32
1f938-200d-2640-fe0f	470	866	32	32
1f938-200d-2642-fe0f	506	866	32	32
1f939	542	866	32	32
1f939-1f3fb	578	866	32	32
1f939-1f3fb-200d-2640-fe0f	614	866	32	32
1f939-1f3fb-200d-2642-fe0f	650	866	32	32
1f939-1f3fc	686	866	32	32
1f939-1f3fc-200d-2640-fe0f	722	866	32	32
1f939-1f3fc-200d-2642-fe0f	758	866	32	32
1f939-1f3fd	794	866	32	32
1f939-1f3fd-200d-2640-fe0f	830	866	32	32
1f939-1f3fd-200d-2642-fe0f	866	866	32	32
1f939-1f3fe	902	866	32	32
1f939-1f3fe-200d-2640-fe0f	938	866	32	32
1f939-1f3fe-200d-2642-fe0f	974	866	32	32
1f939-1f3ff	1010	866	32	32
1f939-1f3ff-200d-2640-fe0f	1046	866	32	32
1f939-1f3ff-200d-2642-fe0f	1082	866	32	32
1f939-200d-2640-fe0f	1118	866	32	32
1f939-200d-2642-fe0f	1154	866	32	32
1f93a	1190	866	32	32
1f93c	1226	866	32	32
1f93c-1f3fb	1262	866	32	32
1f93c-1f3fb-200d-2640-fe0f	1298	866	32	32
1f93c-1f3fb-200d-2642-fe0f	1334	866	32	32
1f93c-1f3fc	1370	866	32	32
1f93c-1f3fc-200d-2640-fe0f	1406	866	32	32
1f93c-1f3fc-200d-2642-fe0f	1442	866	32	32
1f93c-1f3fd	1478	866	32	32
1f93c-1f3fd-200d-2640-fe0f	1514	866	32	32
1f93c-1f3fd-200d-2642-fe0f	1550	866	32	32
1f93c-1f3fe	1586	866	32	32
1f93c-1f3fe-200d-2640-fe0f	1622	866	32	32
1f93c-1f3fe-200d-2642-fe0f	1658	866	32	32
1f93c-1f3ff	1694	866	32	32
1f93c-1f3ff-200d-2640-fe0f	1730	866	32	32
1f93c-1f3ff-200d-2642-fe0f	1766	866	32	32
1f93c-200d-2640-fe0f	1802	866	32	32
1f93c-200d-2642-fe0f	1838	866	32	32
1f93d	1874	866	32	32
1f93d-1f3fb	1910	866	32	32
1f93d-1f3fb-200d-2640-fe0f	1946	866	32	32
1f93d-1f3fb-200d-2642-fe0f	1982	866	32	32
1f93d-1f3fc	2018	866	32	32
1f93d-1f3fc-200d-2640-fe0f	2054	866	32	32
1f93d-1f3fc-200d-2642-fe0f	2090	866	32	32
1f93d-1f3fd	2126	866	32	32
1f93d-1f3fd-200d-2640-fe0f	2162	866	32	32
1f93d-1f3fd-200d-2642-fe0f	2198	866	32	32
1f93d-1f3fe	2234	866	32	32
1f93d-1f3fe-200d-2640-fe0f	2270	866	32	32
1f93d-1f3fe-200d-2642-fe0f	2306	866	32	32
1f93d-1f3ff	2342	866	32	32
1f93d-1f3ff-200d-2640-fe0f	2378	866	32	32
1f93d-1f3ff-200d-2642-fe0f	2414	866	32	32
1f93d-200d-2640-fe0f	2450	866	32	32
1f93d-200d-2642-fe0f	2486	866	32	32
1f93e	2522	866	32	32
1f93e-1f3fb	2558	866	32	32
1f93e-1f3fb-200d-2640-fe0f	2594	866	32	32
1f93e-1f3fb-200d-2642-fe0f	2630	866	32	32
1f93e-1f3fc	2666	866	32	32
1f93e-1f3fc-200d-2640-fe0f	2702	866	32	32
1f93e-1f3fc-200d-2642-fe0f	2738	866	32	32
1f93e-1f3fd	2774	866	32	32
1f93e-1f3fd-200d-2640-fe0f	2810	866	32	32
1f93e-1f3fd-200d-2642-fe0f	2846	866	32	32
1f93e-1f3fe	2882	866	32	32
1f93e-1f3fe-200d-2640-fe0f	2918	866	32	32
1f93e-1f3fe-200d-2642-fe0f	2954	866	32	32
1f93e-1f3ff	2990	866	32	32
1f93e-1f3ff-200d-2640-fe0f	3026	866	32	32
1f93e-1f3ff-200d-2642-fe0f	3062	866	32	32
1f93e-200d-2640-fe0f	3098	866	32	32
1f93e-200d-2642-fe0f	3134	866	32	32
1f93f	3170	866	32	32
1f940	3206	866	32	32
1f941	3242	866	32	32
1f942	3278	866	32	32
1f943	3314	866	32	32
1f944	3350	866	32	32
1f945	3386	866	32	32
1f947	3422	866	32	32
1f948	3458	866	32	32
1f949	3494	866	32	32
1f94a	3530	866	32	32
1f94b	3566	866	32	32
1f94c	3602	866	32	32
1f94d	3638	866	32	32
1f94e	3674	866	32	32
1f94f	3710	866	32	32
1f950	3746	866	32	32
1f951	3782	866	32	32
1f952	3818	866	32	32
1f953	3854	866	32	32
1f954	3890	866	32	32
1f955	3926	866	32	32
1f956	3962	866	32	32
1f957	3998	866	32	32
1f958	4034	866	32	32
1f959	2	902	32	32
1f95a	38	902	32	32
1f95b	74	902	32	32
1f95c	110	902	32	32
1f95d	146	902	32	32
1f95e	182	902	32	32
1f95f	218	902	32	32
1f960	254	902	32	32
1f961	290	902	32	32
1f962	326	902	32	32
1f963	362	902	32	32
1f964	398	902	32	32
1f965	434	902	32	32
1f966	470	902	32	32
1f967	506	902	32	32
1f968	542	902	32	32
1f969	578	902	32	32
1f96a	614	902	32	32
1f96b	650	902	32	32
1f96c	686	902	32	32
1f96d	722	902	32	32
1f96e	758	902	32	32
1f96f	794	902	32	32
1f970	830	902	32	32
1f971	866	902	32	32
1f972	902	902	32	32
1f973	938	902	32	32
1f974	974	902	32	32
1f975	1010	902	32	32
1f976	1046	902	32	32
1f977	1082	902	32	32
1f977-1f3fb	1118	902	32	32
1f977-1f3fc	1154	902	32	32
1f977-1f3fd	1190	902	32	32
1f977-1f3fe	1226	902	32	32
1f977-1f3ff	1262	902	32	32
1f978	1298	902	32	32
1f979	1334	902	32	32
1f97a	1370	902	32	32
1f97b	1406	902	32	32
1f97c	1442	902	32	32
1f97d	1478	902	32	32
1f97e	1514	902	32	32
1f97f	1550	902	32	32
1f980	1586	902	32	32
1f981	1622	902	32	32
1f982	1658	902	32	32
1f983	1694	902	32	32
1f984	1730	902	32	32
1f985	1766	902	32	32
1f986	1802	902	32	32
1f987	1838	902	32	32
1f988	1874	902	32	32
1f989	1910	902	32	32
1f98a	1946	902	32	32
1f98b	1982	902	32	32
1f98c	2018	902	32	32
1f98d	2054	902	32	32
1f98e	2090	902	32	32
1f98f	2126	902	32	32
1f990	2162	902	32	32
1f991	2198	902	32	32
1f992	2234	902	32	32
1f993	2270	902	32	32
1f994	2306	902	32	32
1f995	2342	902	32	32
1f996	2378	902	32	32
1f997	2414	902	32	32
1f998	2450	902	32	32
1f999	2486	902	32	32
1f99a	2522	902	32	32
1f99b	2558	902	32	32
1f99c	2594	902	32	32
1f99d	2630	902	32	32
1f99e	2666	902	32	32
1f99f	2702	902	32	32
1f9a0	2738	902	32	32
1f9a1	2774	902	32	32
1f9a2	2810	902	32	32
1f9a3	2846	902	32	32
1f9a4	2882	902	32	32
1f9a5	2918	902	32	32
1f9a6	2954	902	32	32
1f9a7	2990	902	32	32
1f9a8	3026	902	32	32
1f9a9	3062	902	32	32
1f9aa	3098	902	32	32
1f9ab	3134	902	32	32
1f9ac	3170	902	32	32
1f9ad	3206	902	32	32
1f9ae	3242	902	32	32
1f9af	3278	902	32	32
1f9b0	3314	902	32	32
1f9b1	3350	902	32	32
1f9b2	3386	902	32	32
1f9b3	3422	902	32	32
1f9b4	3458	902	32	32
1f9b5	3494	902	32	32
1f9b5-1f3fb	3530	902	32	32
1f9b5-1f3fc	3566	902	32	32
1f9b5-1f3fd	3602	902	32	32
1f9b5-1f3fe	3638	902	32	32
1f9b5-1f3ff	3674	902	32	32
1f9b6	3710	902	32	32
1f9b6-1f3fb	3746	902	32	32
1f9b6-1f3fc	3782	902	32	32
1f9b6-1f3fd	3818	902	32	32
1f9b6-1f3fe	3854	902	32	32
1f9b6-1f3ff	3890	902	32	32
1f9b7	3926	902	32	32
1f9b8	3962	902	32	32
1f9b8-1f3fb	3998	902	32	32
1f9b8-1f3fb-200d-2640-fe0f	4034	902	32	32
1f9b8-1f3fb-200d-2642-fe0f	2	938	32	32
1f9b8-1f3fc	38	938	32	32
1f9b8-1f3fc-200d-2640-fe0f	74	938	32	32
1f9b8-1f3fc-200d-2642-fe0f	110	938	32	32
1f9b8-1f3fd	146	938	32	32
1f9b8-1f3fd-200d-2640-fe0f	182	938	32	32
1f9b8-1f3fd-200d-2642-fe0f	218	938	32	32
1f9b8-1f3fe	254	938	32	32
1f9b8-1f3fe-200d-2640-fe0f	290	938	32	32
1f9b8-1f3fe-200d-2642-fe0f	326	938	32	32
1f9b8-1f3ff	362	938	32	32
1f9b8-1f3ff-200d-2640-fe0f	398	938	32	32
1f9b8-1f3ff-200d-2642-fe0f	434	938	32	32
1f9b8-200d-2640-fe0f	470	938	32	32
1f9b8-200d-2642-fe0f	506	938	32	32
1f9b9	542	938	32	32
1f9b9-1f3fb	578	938	32	32
1f9b9-1f3fb-200d-2640-fe0f	614	938	32	32
1f9b9-1f3fb-200d-2642-fe0f	650	938	32	32
1f9b9-1f3fc	686	938	32	32
1f9b9-1f3fc-200d-2640-fe0f	722	938	32	32
1f9b9-1f3fc-200d-2642-fe0f	758	938	32	32
1f9b9-1f3fd	794	938	32	32
1f9b9-1f3fd-200d-2640-fe0f	830	938	32	32
1f9b9-1f3fd-200d-2642-fe0f	866	938	32	32
1f9b9-1f3fe	902	938	32	32
1f9b9-1f3fe-200d-2640-fe0f	938	938	32	32
1f9b9-1f3fe-200d-2642-fe0f	974	938	32	32
1f9b9-1f3ff	1010	938	32	32
1f9b9-1f3ff-200d-2640-fe0f	1046	938	32	32
1f9b9-1f3ff-200d-2642-fe0f	1082	938	32	32
1f9b9-200d-2640-fe0f	1118	938	32	32
1f9b9-200d-2642-fe0f	1154	938	32	32
1f9ba	1190	938	32	32
1f9bb	1226	938	32	32
1f9bb-1f3fb	1262	938	32	32
1f9bb-1f3fc	1298	938	32	32
1f9bb-1f3fd	1334	938	32	32
1f9bb-1f3fe	1370	938	32	32
1f9bb-1f3ff	1406	938	32	32
1f9bc	1442	938	32	32
1f9bd	1478	938	32	32
1f9be	1514	938	32	32
1f9bf	1550	938	32	32
1f9c0	1586	938	32	32
1f9c1	1622	938	32	32
1f9c2	1658	938	32	32
1f9c3	1694	938	32	32
1f9c4	1730	938	32	32
1f9c5	1766	938	32	32
1f9c6	1802	938	32	32
1f9c7	1838	938	32	32
1f9c8	1874	938	32	32
1f9c9	1910	938	32	32
1f9ca	1946	938	32	32
1f9cb	1982	938	32	32
1f9cc	2018	938	32	32
1f9cd	2054	938	32	32
1f9cd-1f3fb	2090	938	32	32
1f9cd-1f3fb-200d-2640-fe0f	2126	938	32	32
1f9cd-1f3fb-200d-2642-fe0f	2162	938	32	32
1f9cd-1f3fc	2198	938	32	32
1f9cd-1f3fc-200d-2640-fe0f	2234	938	32	32
1f9cd-1f3fc-200d-2642-fe0f	2270	938	32	32
1f9cd-1f3fd	2306	938	32	32
1f9cd-1f3fd-200d-2640-fe0f	2342	938	32	32
1f9cd-1f3fd-200d-2642-fe0f	2378	938	32	32
1f9cd-1f3fe	2414	938	32	32
1f9cd-1f3fe-200d-2640-fe0f	2450	938	32	32
1f9cd-1f3fe-200d-2642-fe0f	2486	938	32	32
1f9cd-1f3ff	2522	938	32	32
1f9cd-1f3ff-200d-2640-fe0f	2558	938	32	32
1f9cd-1f3ff-200d-2642-fe0f	2594	938	32	32
1f9cd-200d-2640-fe0f	2630	938	32	32
1f9cd-200d-2642-fe0f	2666	938	32	32
1f9ce	2702	938	32	32
1f9ce-1f3fb	2738	938	32	32
1f9ce-1f3fb-200d-2640-fe0f	2774	938	32	32
1f9ce-1f3fb-200d-2640-fe0f-200d-27a1-fe0f	2810	938	32	32
1f9ce-1f3fb-200d-2642-fe0f	2846	938	32	32
1f9ce-1f3fb-200d-2642-fe0f-200d-27a1-fe0f	2882	938	32	32
1f9ce-1f3fb-200d-27a1-fe0f	2918	938	32	32
1f9ce-1f3fc	2954	938	32	32
1f9ce-1f3fc-200d-2640-fe0f	2990	938	32	32
1f9ce-1f3fc-200d-2640-fe0f-200d-27a1-fe0f	3026	938	32	32
1f9ce-1f3fc-200d-2642-fe0f	3062	938	32	32
1f9ce-1f3fc-200d-2642-fe0f-200d-27a1-fe0f	3098	938	32	32
1f9ce-1f3fc-200d-27a1-fe0f	3134	938	32	32
1f9ce-1f3fd	3170	938	32	32
1f9ce-1f3fd-200d-2640-fe0f	3206	938	32	32
1f9ce-1f3fd-200d-2640-fe0f-200d-27a1-fe0f	3242	938	32	32
1f9ce-1f3fd-200d-2642-fe0f	3278	938	32	32
1f9ce-1f3fd-200d-2642-fe0f-200d-27a1-fe0f	3314	938	32	32
1f9ce-1f3fd-200d-27a1-fe0f	3350	938	32	32
1f9ce-1f3fe	3386	938	32	32
1f9ce-1f3fe-200d-2640-fe0f	3422	938	32	32
1f9ce-1f3fe-200d-2640-fe0f-200d-27a1-fe0f	3458	938	32	32
1f9ce-1f3fe-200d-2642-fe0f	3494	938	32	32
1f9ce-1f3fe-200d-2642-fe0f-200d-27a1-fe0f	3530	938	32	32
1f9ce-1f3fe-200d-27a1-fe0f	3566	938	32	32
1f9ce-1f3ff	3602	938	32	32
1f9ce-1f3ff-200d-2640-fe0f	3638	938	32	32
1f9ce-1f3ff-200d-2640-fe0f-200d-27a1-fe0f	3674	938	32	32
1f9ce-1f3ff-200d-2642-fe0f	3710	938	32	32
1f9ce-1f3ff-200d-2642-fe0f-200d-27a1-fe0f	3746	938	32	32
1f9ce-1f3ff-200d-27a1-fe0f	3782	938	32	32
1f9ce-200d-2640-fe0f	3818	938	32	32
1f9ce-200d-2640-fe0f-200d-27a1-fe0f	3854	938	32	32
1f9ce-200d-2642-fe0f	3890	938	32	32
1f9ce-200d-2642-fe0f-200d-27a1-fe0f	3926	938	32	32
1f9ce-200d-27a1-fe0f	3962	938	32	32
1f9cf	3998	938	32	32
1f9cf-1f3fb	4034	938	32	32
1f9cf-1f3fb-200d-2640-fe0f	2	974	32	32
1f9cf-1f3fb-200d-2642-fe0f	38	974	32	32
1f9cf-1f3fc	74	974	32	32
1f9cf-1f3fc-200d-2640-fe0f	110	974	32	32
1f9cf-1f3fc-200d-2642-fe0f	146	974	32	32
1f9cf-1f3fd	182	974	32	32
1f9cf-1f3fd-200d-2640-fe0f	218	974	32	32
1f9cf-1f3fd-200d-2642-fe0f	254	974	32	32
1f9cf-1f3fe	290	974	32	32
1f9cf-1f3fe-200d-2640-fe0f	326	974	32	32
1f9cf-1f3fe-200d-2642-fe0f	362	974	32	32
1f9cf-1f3ff	398	974	32	32
1f9cf-1f3ff-200d-2640-fe0f	434	974	32	32
1f9cf-1f3ff-200d-2642-fe0f	470	974	32	32
1f9cf-200d-2640-fe0f	506	974	32	32
1f9cf-200d-2642-fe0f	542	974	32	32
1f9d0	578	974	32	32
1f9d1	614	974	32	32
1f9d1-1f3fb	650	974	32	32
1f9d1-1f3fb-200d-1f33e	686	974	32	32
1f9d1-1f3fb-200d-1f373	722	974	32	32
1f9d1-1f3fb-200d-1f37c	758	974	32	32
1f9d1-1f3fb-200d-1f384	794	974	32	32
1f9d1-1f3fb-200d-1f393	830	974	32	32
1f9d1-1f3fb-200d-1f3a4	866	974	32	32
1f9d1-1f3fb-200d-1f3a8	902	974	32	32
1f9d1-1f3fb-200d-1f3eb	938	974	32	32
1f9d1-1f3fb-200d-1f3ed	974	974	32	32
1f9d1-1f3fb-200d-1f430-200d-1f9d1-1f3fc	1010	974	32	32
1f9d1-1f3fb-200d-1f430-200d-1f9d1-1f3fd	1046	974	32	32
1f9d1-1f3fb-200d-1f430-200d-1f9d1-1f3fe	1082	974	32	32
1f9d1-1f3fb-200d-1f430-200d-1f9d1-1f3ff	1118	974	32	32
1f9d1-1f3fb-200d-1f4bb	1154	974	32	32
1f9d1-1f3fb-200d-1f4bc	1190	974	32	32
1f9d1-1f3fb-200d-1f527	1226	974	32	32
1f9d1-1f3fb-200d-1f52c	1262	974	32	32
1f9d1-1f3fb-200d-1f680	1298	974	32	32
1f9d1-1f3fb-200d-1f692	1334	974	32	32
1f9d1-1f3fb-200d-1f91d-200d-1f9d1-1f3fb	1370	974	32	32
1f9d1-1f3fb-200d-1f91d-200d-1f9d1-1f3fc	1406	974	32	32
1f9d1-1f3fb-200d-1f91d-200d-1f9d1-1f3fd	1442	974	32	32
1f9d1-1f3fb-200d-1f91d-200d-1f9d1-1f3fe	1478	974	32	32
1f9d1-1f3fb-200d-1f91d-200d-1f9d1-1f3ff	1514	974	32	32
1f9d1-1f3fb-200d-1f9af	1550	974	32	32
1f9d1-1f3fb-200d-1f9af-200d-27a1-fe0f	1586	974	32	32
1f9d1-1f3fb-200d-1f9b0	1622	974	32	32
1f9d1-1f3fb-200d-1f9b1	1658	974	32	32
1f9d1-1f3fb-200d-1f9b2	1694	974	32	32
1f9d1-1f3fb-200d-1f9b3	1730	974	32	32
1f9d1-1f3fb-200d-1f9bc	1766	974	32	32
1f9d1-1f3fb-200d-1f9bc-200d-27a1-fe0f	1802	974	32	32
1f9d1-1f3fb-200d-1f9bd	1838	974	32	32
1f9d1-1f3fb-200d-1f9bd-200d-27a1-fe0f	1874	974	32	32
1f9d1-1f3fb-200d-1fa70	1910	974	32	32
1f9d1-1f3fb-200d-1faef-200d-1f9d1-1f3fc	1946	974	32	32
1f9d1-1f3fb-200d-1faef-200d-1f9d1-1f3fd	1982	974	32	32
1f9d1-1f3fb-200d-1faef-200d-1f9d1-1f3fe	2018	974	32	32
1f9d1-1f3fb-200d-1faef-200d-1f9d1-1f3ff	2054	974	32	32
1f9d1-1f3fb-200d-2695-fe0f	2090	974	32	32
1f9d1-1f3fb-200d-2696-fe0f	2126	974	32	32
1f9d1-1f3fb-200d-2708-fe0f	2162	974	32	32
1f9d1-1f3fb-200d-2764-fe0f-200d-1f48b-200d-1f9d1-1f3fc	2198	974	32	32
1f9d1-1f3fb-200d-2764-fe0f-200d-1f48b-200d-1f9d1-1f3fd	2234	974	32	32
1f9d1-1f3fb-200d-2764-fe0f-200d-1f48b-200d-1f9d1-1f3fe	2270	974	32	32
1f9d1-1f3fb-200d-2764-fe0f-200d-1f48b-200d-1f9d1-1f3ff	2306	974	32	32
1f9d1-1f3fb-200d-2764-fe0f-200d-1f9d1-1f3fc	2342	974	32	32
1f9d1-1f3fb-200d-2764-fe0f-200d-1f9d1-1f3fd	2378	974	32	32
1f9d1-1f3fb-200d-2764-fe0f-200d-1f9d1-1f3fe	2414	974	32	32
1f9d1-1f3fb-200d-2764-fe0f-200d-1f9d1-1f3ff	2450	974	32	32
1f9d1-1f3fc	2486	974	32	32
1f9d1-1f3fc-200d-1f33e	2522	974	32	32
1f9d1-1f3fc-200d-1f373	2558	974	32	32
1f9d1-1f3fc-200d-1f37c	2594	974	32	32
1f9d1-1f3fc-200d-1f384	2630	974	32	32
1f9d1-1f3fc-200d-1f393	2666	974	32	32
1f9d1-1f3fc-200d-1f3a4	2702	974	32	32
1f9d1-1f3fc-200d-1f3a8	2738	974	32	32
1f9d1-1f3fc-200d-1f3eb	2774	974	32	32
1f9d1-1f3fc-200d-1f3ed	2810	974	32	32
1f9d1-1f3fc-200d-1f430-200d-1f9d1-1f3fb	2846	974	32	32
1f9d1-1f3fc-200d-1f430-200d-1f9d1-1f3fd	2882	974	32	32
1f9d1-1f3fc-200d-1f430-200d-1f9d1-1f3fe	2918	974	32	32
1f9d1-1f3fc-200d-1f430-200d-1f9d1-1f3ff	2954	974	32	32
1f9d1-1f3fc-200d-1f4bb	2990	974	32	32
1f9d1-1f3fc-200d-1f4bc	3026	974	32	32
1f9d1-1f3fc-200d-1f527	3062	974	32	32
1f9d1-1f3fc-200d-1f52c	3098	974	32	32
1f9d1-1f3fc-200d-1f680	3134	974	32	32
1f9d1-1f3fc-200d-1f692	3170	974	32	32
1f9d1-1f3fc-200d-1f91d-200d-1f9d1-1f3fb	3206	974	32	32
1f9d1-1f3fc-200d-1f91d-200d-1f9d1-1f3fc	3242	974	32	32
1f9d1-1f3fc-200d-1f91d-200d-1f9d1-1f3fd	3278	974	32	32
1f9d1-1f3fc-200d-1f91d-200d-1f9d1-1f3fe	3314	974	32	32
1f9d1-1f3fc-200d-1f91d-200d-1f9d1-1f3ff	3350	974	32	32
1f9d1-1f3fc-200d-1f9af	3386	974	32	32
1f9d1-1f3fc-200d-1f9af-200d-27a1-fe0f	3422	974	32	32
1f9d1-1f3fc-200d-1f9b0	3458	974	32	32
1f9d1-1f3fc-200d-1f9b1	3494	974	32	32
1f9d1-1f3fc-200d-1f9b2	3530	974	32	32
1f9d1-1f3fc-200d-1f9b3	3566	974	32	32
1f9d1-1f3fc-200d-1f9bc	3602	974	32	32
1f9d1-1f3fc-200d-1f9bc-200d-27a1-fe0f	3638	974	32	32
1f9d1-1f3fc-200d-1f9bd	3674	974	32	32
1f9d1-1f3fc-200d-1f9bd-200d-27a1-fe0f	3710	974	32	32
1f9d1-1f3fc-200d-1fa70	3746	974	32	32
1f9d1-1f3fc-200d-1faef-200d-1f9d1-1f3fb	3782	974	32	32
1f9d1-1f3fc-200d-1faef-200d-1f9d1-1f3fd	3818	974	32	32
1f9d1-1f3fc-200d-1faef-200d-1f9d1-1f3fe	3854	974	32	32
1f9d1-1f3fc-200d-1faef-200d-1f9d1-1f3ff	3890	974	32	32
1f9d1-1f3fc-200d-2695-fe0f	3926	974	32	32
1f9d1-1f3fc-200d-2696-fe0f	3962	974	32	32
1f9d1-1f3fc-200d-2708-fe0f	3998	974	32	32
1f9d1-1f3fc-200d-2764-fe0f-200d-1f48b-200d-1f9d1-1f3fb	4034	974	32	32
1f9d1-1f3fc-200d-2764-fe0f-200d-1f48b-200d-1f9d1-1f3fd	2	1010	32	32
1f9d1-1f3fc-200d-2764-fe0f-200d-1f48b-200d-1f9d1-1f3fe	38	1010	32	32
1f9d1-1f3fc-200d-2764-fe0f-200d-1f48b-200d-1f9d1-1f3ff	74	1010	32	32
1f9d1-1f3fc-200d-2764-fe0f-200d-1f9d1-1f3fb	110	1010	32	32
1f9d1-1f3fc-200d-2764-fe0f-200d-1f9d1-1f3fd	146	1010	32	32
1f9d1-1f3fc-200d-2764-fe0f-200d-1f9d1-1f3fe	182	1010	32	32
1f9d1-1f3fc-200d-2764-fe0f-200d-1f9d1-1f3ff	218	1010	32	32
1f9d1-1f3fd	254	1010	32	32
1f9d1-1f3fd-200d-1f33e	290	1010	32	32
1f9d1-1f3fd-200d-1f373	326	1010	32	32
1f9d1-1f3fd-200d-1f37c	362	1010	32	32
1f9d1-1f3fd-200d-1f384	398	1010	32	32
1f9d1-1f3fd-200d-1f393	434	1010	32	32
1f9d1-1f3fd-200d-1f3a4	470	1010	32	32
1f9d1-1f3fd-200d-1f3a8	506	1010	32	32
1f9d1-1f3fd-200d-1f3eb	542	1010	32	32
1f9d1-1f3fd-200d-1f3ed	578	1010	32	32
1f9d1-1f3fd-200d-1f430-200d-1f9d1-1f3fb	614	1010	32	32
1f9d1-1f3fd-200d-1f430-200d-1f9d1-1f3fc	650	1010	32	32
1f9d1-1f3fd-200d-1f430-200d-1f9d1-1f3fe	686	1010	32	32
1f9d1-1f3fd-200d-1f430-200d-1f9d1-1f3ff	722	1010	32	32
1f9d1-1f3fd-200d-1f4bb	758	1010	32	32
1f9d1-1f3fd-200d-1f4bc	794	1010	32	32
1f9d1-1f3fd-200d-1f527	830	1010	32	32
1f9d1-1f3fd-200d-1f52c	866	1010	32	32
1f9d1-1f3fd-200d-1f680	902	1010	32	32
1f9d1-1f3fd-200d-1f692	938	1010	32	32
1f9d1-1f3fd-200d-1f91d-200d-1f9d1-1f3fb	974	1010	32	32
1f9d1-1f3fd-200d-1f91d-200d-1f9d1-1f3fc	1010	1010	32	32
1f9d1-1f3fd-200d-1f91d-200d-1f9d1-1f3fd	1046	1010	32	32
1f9d1-1f3fd-200d-1f91d-200d-1f9d1-1f3fe	1082	1010	32	32
1f9d1-1f3fd-200d-1f91d-200d-1f9d1-1f3ff	1118	1010	32	32
1f9d1-1f3fd-200d-1f9af	1154	1010	32	32
1f9d1-1f3fd-200d-1f9af-200d-27a1-fe0f	1190	1010	32	32
1f9d1-1f3fd-200d-1f9b0	1226	1010	32	32
1f9d1-1f3fd-200d-1f9b1	1262	1010	32	32
1f9d1-1f3fd-200d-1f9b2	1298	1010	32	32
1f9d1-1f3fd-200d-1f9b3	1334	1010	32	32
1f9d1-1f3fd-200d-1f9bc	1370	1010	32	32
1f9d1-1f3fd-200d-1f9bc-200d-27a1-fe0f	1406	1010	32	32
1f9d1-1f3fd-200d-1f9bd	1442	1010	32	32
1f9d1-1f3fd-200d-1f9bd-200d-27a1-fe0f	1478	1010	32	32
1f9d1-1f3fd-200d-1fa70	1514	1010	32	32
1f9d1-1f3fd-200d-1faef-200d-1f9d1-1f3fb	1550	1010	32	32
1f9d1-1f3fd-200d-1faef-200d-1f9d1-1f3fc	1586	1010	32	32
1f9d1-1f3fd-200d-1faef-200d-1f9d1-1f3fe	1622	1010	32	32
1f9d1-1f3fd-200d-1faef-200d-1f9d1-1f3ff	1658	1010	32	32
1f9d1-1f3fd-200d-2695-fe0f	1694	1010	32	32
1f9d1-1f3fd-200d-2696-fe0f	1730	1010	32	32
1f9d1-1f3fd-200d-2708-fe0f	1766	1010	32	32
1f9d1-1f3fd-200d-2764-fe0f-200d-1f48b-200d-1f9d1-1f3fb	1802	1010	32	32
1f9d1-1f3fd-200d-2764-fe0f-200d-1f48b-200d-1f9d1-1f3fc	1838	1010	32	32
1f9d1-1f3fd-200d-2764-fe0f-200d-1f48b-200d-1f9d1-1f3fe	1874	1010	32	32
1f9d1-1f3fd-200d-2764-fe0f-200d-1f48b-200d-1f9d1-1f3ff	1910	1010	32	32
1f9d1-1f3fd-200d-2764-fe0f-200d-1f9d1-1f3fb	1946	1010	32	32
1f9d1-1f3fd-200d-2764-fe0f-200d-1f9d1-1f3fc	1982	1010	32	32
1f9d1-1f3fd-200d-2764-fe0f-200d-1f9d1-1f3fe	2018	1010	32	32
1f9d1-1f3fd-200d-2764-fe0f-200d-1f9d1-1f3ff	2054	1010	32	32
1f9d1-1f3fe	2090	1010	32	32
1f9d1-1f3fe-200d-1f33e	2126	1010	32	32
1f9d1-1f3fe-200d-1f373	2162	1010	32	32
1f9d1-1f3fe-200d-1f37c	2198	1010	32	32
1f9d1-1f3fe-200d-1f384	2234	1010	32	32
1f9d1-1f3fe-200d-1f393	2270	1010	32	32
1f9d1-1f3fe-200d-1f3a4	2306	1010	32	32
1f9d1-1f3fe-200d-1f3a8	2342	1010	32	32
1f9d1-1f3fe-200d-1f3eb	2378	1010	32	32
1f9d1-1f3fe-200d-1f3ed	2414	1010	32	32
1f9d1-1f3fe-200d-1f430-200d-1f9d1-1f3fb	2450	1010	32	32
1f9d1-1f3fe-200d-1f430-200d-1f9d1-1f3fc	2486	1010	32	32
1f9d1-1f3fe-200d-1f430-200d-1f9d1-1f3fd	2522	1010	32	32
1f9d1-1f3fe-200d-1f430-200d-1f9d1-1f3ff	2558	1010	32	32
1f9d1-1f3fe-200d-1f4bb	2594	1010	32	32
1f9d1-1f3fe-200d-1f4bc	2630	1010	32	32
1f9d1-1f3fe-200d-1f527	2666	1010	32	32
1f9d1-1f3fe-200d-1f52c	2702	1010	32	32
1f9d1-1f3fe-200d-1f680	2738	1010	32	32
1f9d1-1f3fe-200d-1f692	2774	1010	32	32
1f9d1-1f3fe-200d-1f91d-200d-1f9d1-1f3fb	2810	1010	32	32
1f9d1-1f3fe-200d-1f91d-200d-1f9d1-1f3fc	2846	1010	32	32
1f9d1-1f3fe-200d-1f91d-200d-1f9d1-1f3fd	2882	1010	32	32
1f9d1-1f3fe-200d-1f91d-200d-1f9d1-1f3fe	2918	1010	32	32
1f9d1-1f3fe-200d-1f91d-200d-1f9d1-1f3ff	2954	1010	32	32
1f9d1-1f3fe-200d-1f9af	2990	1010	32	32
1f9d1-1f3fe-200d-1f9af-200d-27a1-fe0f	3026	1010	32	32
1f9d1-1f3fe-200d-1f9b0	3062	1010	32	32
1f9d1-1f3fe-200d-1f9b1	3098	1010	32	32
1f9d1-1f3fe-200d-1f9b2	3134	1010	32	32
1f9d1-1f3fe-200d-1f9b3	3170	1010	32	32
1f9d1-1f3fe-200d-1f9bc	3206	1010	32	32
1f9d1-1f3fe-200d-1f9bc-200d-27a1-fe0f	3242	1010	32	32
1f9d1-1f3fe-200d-1f9bd	3278	1010	32	32
1f9d1-1f3fe-200d-1f9bd-200d-27a1-fe0f	3314	1010	32	32
1f9d1-1f3fe-200d-1fa70	3350	1010	32	32
1f9d1-1f3fe-200d-1faef-200d-1f9d1-1f3fb	3386	1010	32	32
1f9d1-1f3fe-200d-1faef-200d-1f9d1-1f3fc	3422	1010	32	32
1f9d1-1f3fe-200d-1faef-200d-1f9d1-1f3fd	3458	1010	32	32
1f9d1-1f3fe-200d-1faef-200d-1f9d1-1f3ff	3494	1010	32	32
1f9d1-1f3fe-200d-2695-fe0f	3530	1010	32	32
1f9d1-1f3fe-200d-2696-fe0f	3566	1010	32	32
1f9d1-1f3fe-200d-2708-fe0f	3602	1010	32	32
1f9d1-1f3fe-200d-2764-fe0f-200d-1f48b-200d-1f9d1-1f3fb	3638	1010	32	32
1f9d1-1f3fe-200d-2764-fe0f-200d-1f48b-200d-1f9d1-1f3fc	3674	1010	32	32
1f9d1-1f3fe-200d-2764-fe0f-200d-1f48b-200d-1f9d1-1f3fd	3710	1010	32	32
1f9d1-1f3fe-200d-2764-fe0f-200d-1f48b-200d-1f9d1-1f3ff	3746	1010	32	32
1f9d1-1f3fe-200d-2764-fe0f-200d-1f9d1-1f3fb	3782	1010	32	32
1f9d1-1f3fe-200d-2764-fe0f-200d-1f9d1-1f3fc	3818	1010	32	32
1f9d1-1f3fe-200d-2764-fe0f-200d-1f9d1-1f3fd	3854	1010	32	32
1f9d1-1f3fe-200d-2764-fe0f-200d-1f9d1-1f3ff	3890	1010	32	32
1f9d1-1f3ff	3926	1010	32	32
1f9d1-1f3ff-200d-1f33e	3962	1010	32	32
1f9d1-1f3ff-200d-1f373	3998	1010	32	32
1f9d1-1f3ff-200d-1f37c	4034	1010	32	32
1f9d1-1f3ff-200d-1f384	2	1046	32	32
1f9d1-1f3ff-200d-1f393	38	1046	32	32
1f9d1-1f3ff-200d-1f3a4	74	1046	32	32
1f9d1-1f3ff-200d-1f3a8	110	1046	32	32
1f9d1-1f3ff-200d-1f3eb	146	1046	32	32
1f9d1-1f3ff-200d-1f3ed	182	1046	32	32
1f9d1-1f3ff-200d-1f430-200d-1f9d1-1f3fb	218	1046	32	32
1f9d1-1f3ff-200d-1f430-200d-1f9d1-1f3fc	254	1046	32	32
1f9d1-1f3ff-200d-1f430-200d-1f9d1-1f3fd	290	1046	32	32
1f9d1-1f3ff-200d-1f430-200d-1f9d1-1f3fe	326	1046	32	32
1f9d1-1f3ff-200d-1f4bb	362	1046	32	32
1f9d1-1f3ff-200d-1f4bc	398	1046	32	32
1f9d1-1f3ff-200d-1f527	434	1046	32	32
1f9d1-1f3ff-200d-1f52c	470	1046	32	32
1f9d1-1f3ff-200d-1f680	506	1046	32	32
1f9d1-1f3ff-200d-1f692	542	1046	32	32
1f9d1-1f3ff-200d-1f91d-200d-1f9d1-1f3fb	578	1046	32	32
1f9d1-1f3ff-200d-1f91d-200d-1f9d1-1f3fc	614	1046	32	32
1f9d1-1f3ff-200d-1f91d-200d-1f9d1-1f3fd	650	1046	32	32
1f9d1-1f3ff-200d-1f91d-200d-1f9d1-1f3fe	686	1046	32	32
1f9d1-1f3ff-200d-1f91d-200d-1f9d1-1f3ff	722	1046	32	32
1f9d1-1f3ff-200d-1f9af	758	1046	32	32
1f9d1-1f3ff-200d-1f9af-200d-27a1-fe0f	794	1046	32	32
1f9d1-1f3ff-200d-1f9b0	830	1046	32	32
1f9d1-1f3ff-200d-1f9b1	866	1046	32	32
1f9d1-1f3ff-200d-1f9b2	902	1046	32	32
1f9d1-1f3ff-200d-1f9b3	938	1046	32	32
1f9d1-1f3ff-200d-1f9bc	974	1046	32	32
1f9d1-1f3ff-200d-1f9bc-200d-27a1-fe0f	1010	1046	32	32
1f9d1-1f3ff-200d-1f9bd	1046	1046	32	32
1f9d1-1f3ff-200d-1f9bd-200d-27a1-fe0f	1082	1046	32	32
1f9d1-1f3ff-200d-1fa70	1118	1046	32	32
1f9d1-1f3ff-200d-1faef-200d-1f9d1-1f3fb	1154	1046	32	32
1f9d1-1f3ff-200d-1faef-200d-1f9d1-1f3fc	1190	1046	32	32
1f9d1-1f3ff-200d-1faef-200d-1f9d1-1f3fd	1226	1046	32	32
1f9d1-1f3ff-200d-1faef-200d-1f9d1-1f3fe	1262	1046	32	32
1f9d1-1f3ff-200d-2695-fe0f	1298	1046	32	32
1f9d1-1f3ff-200d-2696-fe0f	1334	1046	32	32
1f9d1-1f3ff-200d-2708-fe0f	1370	1046	32	32
1f9d1-1f3ff-200d-2764-fe0f-200d-1f48b-200d-1f9d1-1f3fb	1406	1046	32	32
1f9d1-1f3ff-200d-2764-fe0f-200d-1f48b-200d-1f9d1-1f3fc	1442	1046	32	32
1f9d1-1f3ff-200d-2764-fe0f-200d-1f48b-200d-1f9d1-1f3fd	1478	1046	32	32
1f9d1-1f3ff-200d-2764-fe0f-200d-1f48b-200d-1f9d1-1f3fe	1514	1046	32	32
1f9d1-1f3ff-200d-2764-fe0f-200d-1f9d1-1f3fb	1550	1046	32	32
1f9d1-1f3ff-200d-2764-fe0f-200d-1f9d1-1f3fc	1586	1046	32	32
1f9d1-1f3ff-200d-2764-fe0f-200d-1f9d1-1f3fd	1622	1046	32	32
1f9d1-1f3ff-200d-2764-fe0f-200d-1f9d1-1f3fe	1658	1046	32	32
1f9d1-200d-1f33e	1694	1046	32	32
1f9d1-200d-1f373	1730	1046	32	32
1f9d1-200d-1f37c	1766	1046	32	32
1f9d1-200d-1f384	1802	1046	32	32
1f9d1-200d-1f393	1838	1046	32	32
1f9d1-200d-1f3a4	1874	1046	32	32
1f9d1-200d-1f3a8	1910	1046	32	32
1f9d1-200d-1f3eb	1946	1046	32	32
1f9d1-200d-1f3ed	1982	1046	32	32
1f9d1-200d-1f4bb	2018	1046	32	32
1f9d1-200d-1f4bc	2054	1046	32	32
1f9d1-200d-1f527	2090	1046	32	32
1f9d1-200d-1f52c	2126	1046	32	32
1f9d1-200d-1f680	2162	1046	32	32
1f9d1-200d-1f692	2198	1046	32	32
1f9d1-200d-1f91d-200d-1f9d1	2234	1046	32	32
1f9d1-200d-1f9af	2270	1046	32	32
1f9d1-200d-1f9af-200d-27a1-fe0f	2306	1046	32	32
1f9d1-200d-1f9b0	2342	1046	32	32
1f9d1-200d-1f9b1	2378	1046	32	32
1f9d1-200d-1f9b2	2414	1046	32	32
1f9d1-200d-1f9b3	2450	1046	32	32
1f9d1-200d-1f9bc	2486	1046	32	32
1f9d1-200d-1f9bc-200d-27a1-fe0f	2522	1046	32	32
1f9d1-200d-1f9bd	2558	1046	32	32
1f9d1-200d-1f9bd-200d-27a1-fe0f	2594	1046	32	32
1f9d1-200d-1f9d1-200d-1f9d2	2630	1046	32	32
1f9d1-200d-1f9d1-200d-1f9d2-200d-1f9d2	2666	1046	32	32
1f9d1-200d-1f9d2	2702	1046	32	32
1f9d1-200d-1f9d2-200d-1f9d2	2738	1046	32	32
1f9d1-200d-1fa70	2774	1046	32	32
1f9d1-200d-2695-fe0f	2810	1046	32	32
1f9d1-200d-2696-fe0f	2846	1046	32	32
1f9d1-200d-2708-fe0f	2882	1046	32	32
1f9d2	2918	1046	32	32
1f9d2-1f3fb	2954	1046	32	32
1f9d2-1f3fc	2990	1046	32	32
1f9d2-1f3fd	3026	1046	32	32
1f9d2-1f3fe	3062	1046	32	32
1f9d2-1f3ff	3098	1046	32	32
1f9d3	3134	1046	32	32
1f9d3-1f3fb	3170	1046	32	32
1f9d3-1f3fc	3206	1046	32	32
1f9d3-1f3fd	3242	1046	32	32
1f9d3-1f3fe	3278	1046	32	32
1f9d3-1f3ff	3314	1046	32	32
1f9d4	3350	1046	32	32
1f9d4-1f3fb	3386	1046	32	32
1f9d4-1f3fb-200d-2640-fe0f	3422	1046	32	32
1f9d4-1f3fb-200d-2642-fe0f	3458	1046	32	32
1f9d4-1f3fc	3494	1046	32	32
1f9d4-1f3fc-200d-2640-fe0f	3530	1046	32	32
1f9d4-1f3fc-200d-2642-fe0f	3566	1046	32	32
1f9d4-1f3fd	3602	1046	32	32
1f9d4-1f3fd-200d-2640-fe0f	3638	1046	32	32
1f9d4-1f3fd-200d-2642-fe0f	3674	1046	32	32
1f9d4-1f3fe	3710	1046	32	32
1f9d4-1f3fe-200d-2640-fe0f	3746	1046	32	32
1f9d4-1f3fe-200d-2642-fe0f	3782	1046	32	32
1f9d4-1f3ff	3818	1046	32	32
1f9d4-1f3ff-200d-2640-fe0f	3854	1046	32	32
1f9d4-1f3ff-200d-2642-fe0f	3890	1046	32	32
1f9d4-200d-2640-fe0f	3926	1046	32	32
1f9d4-200d-2642-fe0f	3962	1046	32	32
1f9d5	3998	1046	32	32
1f9d5-1f3fb	4034	1046	32	32
1f9d5-1f3fc	2	1082	32	32
1f9d5-1f3fd	38	1082	32	32
1f9d5-1f3fe	74	1082	32	32
1f9d5-1f3ff	110	1082	32	32
1f9d6	146	1082	32	32
1f9d6-1f3fb	182	1082	32	32
1f9d6-1f3fb-200d-2640-fe0f	218	1082	32	32
1f9d6-1f3fb-200d-2642-fe0f	254	1082	32	32
1f9d6-1f3fc	290	1082	32	32
1f9d6-1f3fc-200d-2640-fe0f	326	1082	32	32
1f9d6-1f3fc-200d-2642-fe0f	362	1082	32	32
1f9d6-1f3fd	398	1082	32	32
1f9d6-1f3fd-200d-2640-fe0f	434	1082	32	32
1f9d6-1f3fd-200d-2642-fe0f	470	1082	32	32
1f9d6-1f3fe	506	1082	32	32
1f9d6-1f3fe-200d-2640-fe0f	542	1082	32	32
1f9d6-1f3fe-200d-2642-fe0f	578	1082	32	32
1f9d6-1f3ff	614	1082	32	32
1f9d6-1f3ff-200d-2640-fe0f	650	1082	32	32
1f9d6-1f3ff-200d-2642-fe0f	686	1082	32	32
1f9d6-200d-2640-fe0f	722	1082	32	32
1f9d6-200d-2642-fe0f	758	1082	32	32
1f9d7	794	1082	32	32
1f9d7-1f3fb	830	1082	32	32
1f9d7-1f3fb-200d-2640-fe0f	866	1082	32	32
1f9d7-1f3fb-200d-2642-fe0f	902	1082	32	32
1f9d7-1f3fc	938	1082	32	32
1f9d7-1f3fc-200d-2640-fe0f	974	1082	32	32
1f9d7-1f3fc-200d-2642-fe0f	1010	1082	32	32
1f9d7-1f3fd	1046	1082	32	32
1f9d7-1f3fd-200d-2640-fe0f	1082	1082	32	32
1f9d7-1f3fd-200d-2642-fe0f	1118	1082	32	32
1f9d7-1f3fe	1154	1082	32	32
1f9d7-1f3fe-200d-2640-fe0f	1190	1082	32	32
1f9d7-1f3fe-200d-2642-fe0f	1226	1082	32	32
1f9d7-1f3ff	1262	1082	32	32
1f9d7-1f3ff-200d-2640-fe0f	1298	1082	32	32
1f9d7-1f3ff-200d-2642-fe0f	1334	1082	32	32
1f9d7-200d-2640-fe0f	1370	1082	32	32
1f9d7-200d-2642-fe0f	1406	1082	32	32
1f9d8	1442	1082	32	32
1f9d8-1f3fb	1478	1082	32	32
1f9d8-1f3fb-200d-2640-fe0f	1514	1082	32	32
1f9d8-1f3fb-200d-2642-fe0f	1550	1082	32	32
1f9d8-1f3fc	1586	1082	32	32
1f9d8-1f3fc-200d-2640-fe0f	1622	1082	32	32
1f9d8-1f3fc-200d-2642-fe0f	1658	1082	32	32
1f9d8-1f3fd	1694	1082	32	32
1f9d8-1f3fd-200d-2640-fe0f	1730	1082	32	32
1f9d8-1f3fd-200d-2642-fe0f	1766	1082	32	32
1f9d8-1f3fe	1802	1082	32	32
1f9d8-1f3fe-200d-2640-fe0f	1838	1082	32	32
1f9d8-1f3fe-200d-2642-fe0f	1874	1082	32	32
1f9d8-1f3ff	1910	1082	32	32
1f9d8-1f3ff-200d-2640-fe0f	1946	1082	32	32
1f9d8-1f3ff-200d-2642-fe0f	1982	1082	32	32
1f9d8-200d-2640-fe0f	2018	1082	32	32
1f9d8-200d-2642-fe0f	2054	1082	32	32
1f9d9	2090	1082	32	32
1f9d9-1f3fb	2126	1082	32	32
1f9d9-1f3fb-200d-2640-fe0f	2162	1082	32	32
1f9d9-1f3fb-200d-2642-fe0f	2198	1082	32	32
1f9d9-1f3fc	2234	1082	32	32
1f9d9-1f3fc-200d-2640-fe0f	2270	1082	32	32
1f9d9-1f3fc-200d-2642-fe0f	2306	1082	32	32
1f9d9-1f3fd	2342	1082	32	32
1f9d9-1f3fd-200d-2640-fe0f	2378	1082	32	32
1f9d9-1f3fd-200d-2642-fe0f	2414	1082	32	32
1f9d9-1f3fe	2450	1082	32	32
1f9d9-1f3fe-200d-2640-fe0f	2486	1082	32	32
1f9d9-1f3fe-200d-2642-fe0f	2522	1082	32	32
1f9d9-1f3ff	2558	1082	32	32
1f9d9-1f3ff-200d-2640-fe0f	2594	1082	32	32
1f9d9-1f3ff-200d-2642-fe0f	2630	1082	32	32
1f9d9-200d-2640-fe0f	2666	1082	32	32
1f9d9-200d-2642-fe0f	2702	1082	32	32
1f9da	2738	1082	32	32
1f9da-1f3fb	2774	1082	32	32
1f9da-1f3fb-200d-2640-fe0f	2810	1082	32	32
1f9da-1f3fb-200d-2642-fe0f	2846	1082	32	32
1f9da-1f3fc	2882	1082	32	32
1f9da-1f3fc-200d-2640-fe0f	2918	1082	32	32
1f9da-1f3fc-200d-2642-fe0f	2954	1082	32	32
1f9da-1f3fd	2990	1082	32	32
1f9da-1f3fd-200d-2640-fe0f	3026	1082	32	32
1f9da-1f3fd-200d-2642-fe0f	3062	1082	32	32
1f9da-1f3fe	3098	1082	32	32
1f9da-1f3fe-200d-2640-fe0f	3134	1082	32	32
1f9da-1f3fe-200d-2642-fe0f	3170	1082	32	32
1f9da-1f3ff	3206	1082	32	32
1f9da-1f3ff-200d-2640-fe0f	3242	1082	32	32
1f9da-1f3ff-200d-2642-fe0f	3278	1082	32	32
1f9da-200d-2640-fe0f	3314	1082	32	32
1f9da-200d-2642-fe0f	3350	1082	32	32
1f9db	3386	1082	32	32
1f9db-1f3fb	3422	1082	32	32
1f9db-1f3fb-200d-2640-fe0f	3458	1082	32	32
1f9db-1f3fb-200d-2642-fe0f	3494	1082	32	32
1f9db-1f3fc	3530	1082	32	32
1f9db-1f3fc-200d-2640-fe0f	3566	1082	32	32
1f9db-1f3fc-200d-2642-fe0f	3602	1082	32	32
1f9db-1f3fd	3638	1082	32	32
1f9db-1f3fd-200d-2640-fe0f	3674	1082	32	32
1f9db-1f3fd-200d-2642-fe0f	3710	1082	32	32
1f9db-1f3fe	3746	1082	32	32
1f9db-1f3fe-200d-2640-fe0f	3782	1082	32	32
1f9db-1f3fe-200d-2642-fe0f	3818	1082	32	32
1f9db-1f3ff	3854	1082	32	32
1f9db-1f3ff-200d-2640-fe0f	3890	1082	32	32
1f9db-1f3ff-200d-2642-fe0f	3926	1082	32	32
1f9db-200d-2640-fe0f	3962	1082	32	32
1f9db-200d-2642-fe0f	3998	1082	32	32
1f9dc	4034	1082	32	32
1f9dc-1f3fb	2	1118	32	32
1f9dc-1f3fb-200d-2640-fe0f	38	1118	32	32
1f9dc-1f3fb-200d-2642-fe0f	74	1118	32	32
1f9dc-1f3fc	110	1118	32	32
1f9dc-1f3fc-200d-2640-fe0f	146	1118	32	32
1f9dc-1f3fc-200d-2642-fe0f	182	1118	32	32
1f9dc-1f3fd	218	1118	32	32
1f9dc-1f3fd-200d-2640-fe0f	254	1118	32	32
1f9dc-1f3fd-200d-2642-fe0f	290	1118	32	32
1f9dc-1f3fe	326	1118	32	32
1f9dc-1f3fe-200d-2640-fe0f	362	1118	32	32
1f9dc-1f3fe-200d-2642-fe0f	398	1118	32	32
1f9dc-1f3ff	434	1118	32	32
1f9dc-1f3ff-200d-2640-fe0f	470	1118	32	32
1f9dc-1f3ff-200d-2642-fe0f	506	1118	32	32
1f9dc-200d-2640-fe0f	542	1118	32	32
1f9dc-200d-2642-fe0f	578	1118	32	32
1f9dd	614	1118	32	32
1f9dd-1f3fb	650	1118	32	32
1f9dd-1f3fb-200d-2640-fe0f	686	1118	32	32
1f9dd-1f3fb-200d-2642-fe0f	722	1118	32	32
1f9dd-1f3fc	758	1118	32	32
1f9dd-1f3fc-200d-2640-fe0f	794	1118	32	32
1f9dd-1f3fc-200d-2642-fe0f	830	1118	32	32
1f9dd-1f3fd	866	1118	32	32
1f9dd-1f3fd-200d-2640-fe0f	902	1118	32	32
1f9dd-1f3fd-200d-2642-fe0f	938	1118	32	32
1f9dd-1f3fe	974	1118	32	32
1f9dd-1f3fe-200d-2640-fe0f	1010	1118	32	32
1f9dd-1f3fe-200d-2642-fe0f	1046	1118	32	32
1f9dd-1f3ff	1082	1118	32	32
1f9dd-1f3ff-200d-2640-fe0f	1118	1118	32	32
1f9dd-1f3ff-200d-2642-fe0f	1154	1118	32	32
1f9dd-200d-2640-fe0f	1190	1118	32	32
1f9dd-200d-2642-fe0f	1226	1118	32	32
1f9de	1262	1118	32	32
1f9de-200d-2640-fe0f	1298	1118	32	32
1f9de-200d-2642-fe0f	1334	1118	32	32
1f9df	1370	1118	32	32
1f9df-200d-2640-fe0f	1406	1118	32	32
1f9df-200d-2642-fe0f	1442	1118	32	32
1f9e0	1478	1118	32	32
1f9e1	1514	1118	32	32
1f9e2	1550	1118	32	32
1f9e3	1586	1118	32	32
1f9e4	1622	1118	32	32
1f9e5	1658	1118	32	32
1f9e6	1694	1118	32	32
1f9e7	1730	1118	32	32
1f9e8	1766	1118	32	32
1f9e9	1802	1118	32	32
1f9ea	1838	1118	32	32
1f9eb	1874	1118	32	32
1f9ec	1910	1118	32	32
1f9ed	1946	1118	32	32
1f9ee	1982	1118	32	32
1f9ef	2018	1118	32	32
1f9f0	2054	1118	32	32
1f9f1	2090	1118	32	32
1f9f2	2126	1118	32	32
1f9f3	2162	1118	32	32
1f9f4	2198	1118	32	32
1f9f5	2234	1118	32	32
1f9f6	2270	1118	32	32
1f9f7	2306	1118	32	32
1f9f8	2342	1118	32	32
1f9f9	2378	1118	32	32
1f9fa	2414	1118	32	32
1f9fb	2450	1118	32	32
1f9fc	2486	1118	32	32
1f9fd	2522	1118	32	32
1f9fe	2558	1118	32	32
1f9ff	2594	1118	32	32
1fa70	2630	1118	32	32
1fa71	2666	1118	32	32
1fa72	2702	1118	32	32
1fa73	2738	1118	32	32
1fa74	2774	1118	32	32
1fa75	2810	1118	32	32
1fa76	2846	1118	32	32
1fa77	2882	1118	32	32
1fa78	2918	1118	32	32
1fa79	2954	1118	32	32
1fa7a	2990	1118	32	32
1fa7b	3026	1118	32	32
1fa7c	3062	1118	32	32
1fa80	3098	1118	32	32
1fa81	3134	1118	32	32
1fa82	3170	1118	32	32
1fa83	3206	1118	32	32
1fa84	3242	1118	32	32
1fa85	3278	1118	32	32
1fa86	3314	1118	32	32
1fa87	3350	1118	32	32
1fa88	3386	1118	32	32
1fa89	3422	1118	32	32
1fa8a	3458	1118	32	32
1fa8e	3494	1118	32	32
1fa8f	3530	1118	32	32
1fa90	3566	1118	32	32
1fa91	3602	1118	32	32
1fa92	3638	1118	32	32
1fa93	3674	1118	32	32
1fa94	3710	1118	32	32
1fa95	3746	1118	32	32
1fa96	3782	1118	32	32
1fa97	3818	1118	32	32
1fa98	3854	1118	32	32
1fa99	3890	1118	32	32
1fa9a	3926	1118	32	32
1fa9b	3962	1118	32	32
1fa9c	3998	1118	32	32
1fa9d	4034	1118	32	32
1fa9e	2	1154	32	32
1fa9f	38	1154	32	32
1faa0	74	1154	32	32
1faa1	110	1154	32	32
1faa2	146	1154	32	32
1faa3	182	1154	32	32
1faa4	218	1154	32	32
1faa5	254	1154	32	32
1faa6	290	1154	32	32
1faa7	326	1154	32	32
1faa8	362	1154	32	32
1faa9	398	1154	32	32
1faaa	434	1154	32	32
1faab	470	1154	32	32
1faac	506	1154	32	32
1faad	542	1154	32	32
1faae	578	1154	32	32
1faaf	614	1154	32	32
1fab0	650	1154	32	32
1fab1	686	1154	32	32
1fab2	722	1154	32	32
1fab3	758	1154	32	32
1fab4	794	1154	32	32
1fab5	830	1154	32	32
1fab6	866	1154	32	32
1fab7	902	1154	32	32
1fab8	938	1154	32	32
1fab9	974	1154	32	32
1faba	1010	1154	32	32
1fabb	1046	1154	32	32
1fabc	1082	1154	32	32
1fabd	1118	1154	32	32
1fabe	1154	1154	32	32
1fabf	1190	1154	32	32
1fac0	1226	1154	32	32
1fac1	1262	1154	32	32
1fac2	1298	1154	32	32
1fac3	1334	1154	32	32
1fac3-1f3fb	1370	1154	32	32
1fac3-1f3fc	1406	1154	32	32
1fac3-1f3fd	1442	1154	32	32
1fac3-1f3fe	1478	1154	32	32
1fac3-1f3ff	1514	1154	32	32
1fac4	1550	1154	32	32
1fac4-1f3fb	1586	1154	32	32
1fac4-1f3fc	1622	1154	32	32
1fac4-1f3fd	1658	1154	32	32
1fac4-1f3fe	1694	1154	32	32
1fac4-1f3ff	1730	1154	32	32
1fac5	1766	1154	32	32
1fac5-1f3fb	1802	1154	32	32
1fac5-1f3fc	1838	1154	32	32
1fac5-1f3fd	1874	1154	32	32
1fac5-1f3fe	1910	1154	32	32
1fac5-1f3ff	1946	1154	32	32
1fac6	1982	1154	32	32
1fac8	2018	1154	32	32
1facd	2054	1154	32	32
1face	2090	1154	32	32
1facf	2126	1154	32	32
1fad0	2162	1154	32	32
1fad1	2198	1154	32	32
1fad2	2234	1154	32	32
1fad3	2270	1154	32	32
1fad4	2306	1154	32	32
1fad5	2342	1154	32	32
1fad6	2378	1154	32	32
1fad7	2414	1154	32	32
1fad8	2450	1154	32	32
1fad9	2486	1154	32	32
1fada	2522	1154	32	32
1fadb	2558	1154	32	32
1fadc	2594	1154	32	32
1fadf	2630	1154	32	32
1fae0	2666	1154	32	32
1fae1	2702	1154	32	32
1fae2	2738	1154	32	32
1fae3	2774	1154	32	32
1fae4	2810	1154	32	32
1fae5	2846	1154	32	32
1fae6	2882	1154	32	32
1fae7	2918	1154	32	32
1fae8	2954	1154	32	32
1fae9	2990	1154	32	32
1faea	3026	1154	32	32
1faef	3062	1154	32	32
1faf0	3098	1154	32	32
1faf0-1f3fb	3134	1154	32	32
1faf0-1f3fc	3170	1154	32	32
1faf0-1f3fd	3206	1154	32	32
1faf0-1f3fe	3242	1154	32	32
1faf0-1f3ff	3278	1154	32	32
1faf1	3314	1154	32	32
1faf1-1f3fb	3350	1154	32	32
1faf1-1f3fb-200d-1faf2-1f3fc	3386	1154	32	32
1faf1-1f3fb-200d-1faf2-1f3fd	3422	1154	32	32
1faf1-1f3fb-200d-1faf2-1f3fe	3458	1154	32	32
1faf1-1f3fb-200d-1faf2-1f3ff	3494	1154	32	32
1faf1-1f3fc	3530	1154	32	32
1faf1-1f3fc-200d-1faf2-1f3fb	3566	1154	32	32
1faf1-1f3fc-200d-1faf2-1f3fd	3602	1154	32	32
1faf1-1f3fc-200d-1faf2-1f3fe	3638	1154	32	32
1faf1-1f3fc-200d-1faf2-1f3ff	3674	1154	32	32
1faf1-1f3fd	3710	1154	32	32
1faf1-1f3fd-200d-1faf2-1f3fb	3746	1154	32	32
1faf1-1f3fd-200d-1faf2-1f3fc	3782	1154	32	32
1faf1-1f3fd-200d-1faf2-1f3fe	3818	1154	32	32
1faf1-1f3fd-200d-1faf2-1f3ff	3854	1154	32	32
1faf1-1f3fe	3890	1154	32	32
1faf1-1f3fe-200d-1faf2-1f3fb	3926	1154	32	32
1faf1-1f3fe-200d-1faf2-1f3fc	3962	1154	32	32
1faf1-1f3fe-200d-1faf2-1f3fd	3998	1154	32	32
1faf1-1f3fe-200d-1faf2-1f3ff	4034	1154	32	32
1faf1-1f3ff	2	1190	32	32
1faf1-1f3ff-200d-1faf2-1f3fb	38	1190	32	32
1faf1-1f3ff-200d-1faf2-1f3fc	74	1190	32	32
1faf1-1f3ff-200d-1faf2-1f3fd	110	1190	32	32
1faf1-1f3ff-200d-1faf2-1f3fe	146	1190	32	32
1faf2	182	1190	32	32
1faf2-1f3fb	218	1190	32	32
1faf2-1f3fc	254	1190	32	32
1faf2-1f3fd	290	1190	32	32
1faf2-1f3fe	326	1190	32	32
1faf2-1f3ff	362	1190	32	32
1faf3	398	1190	32	32
1faf3-1f3fb	434	1190	32	32
1faf3-1f3fc	470	1190	32	32
1faf3-1f3fd	506	1190	32	32
1faf3-1f3fe	542	1190	32	32
1faf3-1f3ff	578	1190	32	32
1faf4	614	1190	32	32
1faf4-1f3fb	650	1190	32	32
1faf4-1f3fc	686	1190	32	32
1faf4-1f3fd	722	1190	32	32
1faf4-1f3fe	758	1190	32	32
1faf4-1f3ff	794	1190	32	32
1faf5	830	1190	32	32
1faf5-1f3fb	866	1190	32	32
1faf5-1f3fc	902	1190	32	32
1faf5-1f3fd	938	1190	32	32
1faf5-1f3fe	974	1190	32	32
1faf5-1f3ff	1010	1190	32	32
1faf6	1046	1190	32	32
1faf6-1f3fb	1082	1190	32	32
1faf6-1f3fc	1118	1190	32	32
1faf6-1f3fd	1154	1190	32	32
1faf6-1f3fe	1190	1190	32	32
1faf6-1f3ff	1226	1190	32	32
1faf7	1262	1190	32	32
1faf7-1f3fb	1298	1190	32	32
1faf7-1f3fc	1334	1190	32	32
1faf7-1f3fd	1370	1190	32	32
1faf7-1f3fe	1406	1190	32	32
1faf7-1f3ff	1442	1190	32	32
1faf8	1478	1190	32	32
1faf8-1f3fb	1514	1190	32	32
1faf8-1f3fc	1550	1190	32	32
1faf8-1f3fd	1586	1190	32	32
1faf8-1f3fe	1622	1190	32	32
1faf8-1f3ff	1658	1190	32	32
203c	1694	1190	32	32
2049	1730	1190	32	32
2122	1766	1190	32	32
2139	1802	1190	32	32
2194	1838	1190	32	32
2195	1874	1190	32	32
2196	1910	1190	32	32
2197	1946	1190	32	32
2198	1982	1190	32	32
2199	2018	1190	32	32
21a9	2054	1190	32	32
21aa	2090	1190	32	32
23-20e3	2126	1190	32	32
231a	2162	1190	32	32
231b	2198	1190	32	32
2328	2234	1190	32	32
23cf	2270	1190	32	32
23e9	2306	1190	32	32
23ea	2342	1190	32	32
23eb	2378	1190	32	32
23ec	2414	1190	32	32
23ed	2450	1190	32	32
23ee	2486	1190	32	32
23ef	2522	1190	32	32
23f0	2558	1190	32	32
23f1	2594	1190	32	32
23f2	2630	1190	32	32
23f3	2666	1190	32	32
23f8	2702	1190	32	32
23f9	2738	1190	32	32
23fa	2774	1190	32	32
24c2	2810	1190	32	32
25aa	2846	1190	32	32
25ab	2882	1190	32	32
25b6	2918	1190	32	32
25c0	2954	1190	32	32
25fb	2990	1190	32	32
25fc	3026	1190	32	32
25fd	3062	1190	32	32
25fe	3098	1190	32	32
2600	3134	1190	32	32
2601	3170	1190	32	32
2602	3206	1190	32	32
2603	3242	1190	32	32
2604	3278	1190	32	32
260e	3314	1190	32	32
2611	3350	1190	32	32
2614	3386	1190	32	32
2615	3422	1190	32	32
2618	3458	1190	32	32
261d	3494	1190	32	32
261d-1f3fb	3530	1190	32	32
261d-1f3fc	3566	1190	32	32
261d-1f3fd	3602	1190	32	32
261d-1f3fe	3638	1190	32	32
261d-1f3ff	3674	1190	32	32
2620	3710	1190	32	32
2622	3746	1190	32	32
2623	3782	1190	32	32
2626	3818	1190	32	32
262a	3854	1190	32	32
262e	3890	1190	32	32
262f	3926	1190	32	32
2638	3962	1190	32	32
2639	3998	1190	32	32
263a	4034	1190	32	32
2640	2	1226	32	32
2642	38	1226	32	32
2648	74	1226	32	32
2649	110	1226	32	32
264a	146	1226	32	32
264b	182	1226	32	32
264c	218	1226	32	32
264d	254	1226	32	32
264e	290	1226	32	32
264f	326	1226	32	32
2650	362	1226	32	32
2651	398	1226	32	32
2652	434	1226	32	32
2653	470	1226	32	32
265f	506	1226	32	32
2660	542	1226	32	32
2663	578	1226	32	32
2665	614	1226	32	32
2666	650	1226	32	32
2668	686	1226	32	32
267b	722	1226	32	32
267e	758	1226	32	32
267f	794	1226	32	32
2692	830	1226	32	32
2693	866	1226	32	32
2694	902	1226	32	32
2695	938	1226	32	32
2696	974	1226	32	32
2697	1010	1226	32	32
2699	1046	1226	32	32
269b	1082	1226	32	32
269c	1118	1226	32	32
26a0	1154	1226	32	32
26a1	1190	1226	32	32
26a7	1226	1226	32	32
26aa	1262	1226	32	32
26ab	1298	1226	32	32
26b0	1334	1226	32	32
26b1	1370	1226	32	32
26bd	1406	1226	32	32
26be	1442	1226	32	32
26c4	1478	1226	32	32
26c5	1514	1226	32	32
26c8	1550	1226	32	32
26ce	1586	1226	32	32
26cf	1622	1226	32	32
26d1	1658	1226	32	32
26d3	1694	1226	32	32
26d3-fe0f-200d-1f4a5	1730	1226	32	32
26d4	1766	1226	32	32
26e9	1802	1226	32	32
26ea	1838	1226	32	32
26f0	1874	1226	32	32
26f1	1910	1226	32	32
26f2	1946	1226	32	32
26f3	1982	1226	32	32
26f4	2018	1226	32	32
26f5	2054	1226	32	32
26f7	2090	1226	32	32
26f7-1f3fb	2126	1226	32	32
26f7-1f3fc	2162	1226	32	32
26f7-1f3fd	2198	1226	32	32
26f7-1f3fe	2234	1226	32	32
26f7-1f3ff	2270	1226	32	32
26f8	2306	1226	32	32
26f9	2342	1226	32	32
26f9-1f3fb	2378	1226	32	32
26f9-1f3fb-200d-2640-fe0f	2414	1226	32	32
26f9-1f3fb-200d-2642-fe0f	2450	1226	32	32
26f9-1f3fc	2486	1226	32	32
26f9-1f3fc-200d-2640-fe0f	2522	1226	32	32
26f9-1f3fc-200d-2642-fe0f	2558	1226	32	32
26f9-1f3fd	2594	1226	32	32
26f9-1f3fd-200d-2640-fe0f	2630	1226	32	32
26f9-1f3fd-200d-2642-fe0f	2666	1226	32	32
26f9-1f3fe	2702	1226	32	32
26f9-1f3fe-200d-2640-fe0f	2738	1226	32	32
26f9-1f3fe-200d-2642-fe0f	2774	1226	32	32
26f9-1f3ff	2810	1226	32	32
26f9-1f3ff-200d-2640-fe0f	2846	1226	32	32
26f9-1f3ff-200d-2642-fe0f	2882	1226	32	32
26f9-fe0f-200d-2640-fe0f	2918	1226	32	32
26f9-fe0f-200d-2642-fe0f	2954	1226	32	32
26fa	2990	1226	32	32
26fd	3026	1226	32	32
2702	3062	1226	32	32
2705	3098	1226	32	32
2708	3134	1226	32	32
2709	3170	1226	32	32
270a	3206	1226	32	32
270a-1f3fb	3242	1226	32	32
270a-1f3fc	3278	1226	32	32
270a-1f3fd	3314	1226	32	32
270a-1f3fe	3350	1226	32	32
270a-1f3ff	3386	1226	32	32
270b	3422	1226	32	32
270b-1f3fb	3458	1226	32	32
270b-1f3fc	3494	1226	32	32
270b-1f3fd	3530	1226	32	32
270b-1f3fe	3566	1226	32	32
270b-1f3ff	3602	1226	32	32
270c	3638	1226	32	32
270c-1f3fb	3674	1226	32	32
270c-1f3fc	3710	1226	32	32
270c-1f3fd	3746	1226	32	32
270c-1f3fe	3782	1226	32	32
270c-1f3ff	3818	1226	32	32
270d	3854	1226	32	32
270d-1f3fb	3890	1226	32	32
270d-1f3fc	3926	1226	32	32
270d-1f3fd	3962	1226	32	32
270d-1f3fe	3998	1226	32	32
270d-1f3ff	4034	1226	32	32
270f	2	1262	32	32
2712	38	1262	32	32
2714	74	1262	32	32
2716	110	1262	32	32
271d	146	1262	32	32
2721	182	1262	32	32
2728	218	1262	32	32
2733	254	1262	32	32
2734	290	1262	32	32
2744	326	1262	32	32
2747	362	1262	32	32
274c	398	1262	32	32
274e	434	1262	32	32
2753	470	1262	32	32
2754	506	1262	32	32
2755	542	1262	32	32
2757	578	1262	32	32
2763	614	1262	32	32
2764	650	1262	32	32
2764-fe0f-200d-1f525	686	1262	32	32
2764-fe0f-200d-1fa79	722	1262	32	32
2795	758	1262	32	32
2796	794	1262	32	32
2797	830	1262	32	32
27a1	866	1262	32	32
27b0	902	1262	32	32
27bf	938	1262	32	32
2934	974	1262	32	32
2935	1010	1262	32	32
2a-20e3	1046	1262	32	32
2b05	1082	1262	32	32
2b06	1118	1262	32	32
2b07	1154	1262	32	32
2b1b	1190	1262	32	32
2b1c	1226	1262	32	32
2b50	1262	1262	32	32
2b55	1298	1262	32	32
30-20e3	1334	1262	32	32
3030	1370	1262	32	32
303d	1406	1262	32	32
31-20e3	1442	1262	32	32
32-20e3	1478	1262	32	32
3297	1514	1262	32	32
3299	1550	1262	32	32
33-20e3	1586	1262	32	32
34-20e3	1622	1262	32	32
35-20e3	1658	1262	32	32
36-20e3	1694	1262	32	32
37-20e3	1730	1262	32	32
38-20e3	1766	1262	32	32
39-20e3	1802	1262	32	32
a9	1838	1262	32	32
ae	1874	1262	32	32
e50a	1910	1262	32	32
